{
  "val_val_loss": [
    [
      500,
      6.943041659781404
    ],
    [
      1000,
      7.051716634008279
    ],
    [
      1500,
      7.377580422833802
    ],
    [
      2000,
      7.700977058962611
    ],
    [
      2500,
      8.107570746933916
    ],
    [
      3000,
      8.591714884000575
    ],
    [
      3500,
      8.95609488027272
    ],
    [
      4000,
      9.3071175952433
    ],
    [
      4500,
      9.687454834628335
    ],
    [
      5000,
      10.03518577127978
    ],
    [
      5500,
      10.384552267969996
    ],
    [
      6000,
      10.694980613671698
    ],
    [
      6500,
      10.990602428430146
    ],
    [
      7000,
      11.1901131875262
    ],
    [
      7500,
      11.49625517210393
    ],
    [
      8000,
      11.696153166363093
    ],
    [
      8500,
      11.905933661016237
    ],
    [
      9000,
      12.107180786132812
    ],
    [
      9500,
      12.186554494471412
    ],
    [
      10000,
      12.371556027832522
    ],
    [
      10500,
      12.485115996051064
    ],
    [
      11000,
      12.599511918377646
    ],
    [
      11500,
      12.713533376344147
    ],
    [
      12000,
      12.770688246454073
    ],
    [
      12500,
      12.843729889431184
    ],
    [
      13000,
      12.908810922493888
    ],
    [
      13500,
      12.94497660946616
    ],
    [
      14000,
      12.984953567836062
    ],
    [
      14500,
      13.05531605784916
    ],
    [
      15000,
      13.131342908117166
    ],
    [
      15500,
      13.104445092854393
    ],
    [
      15617,
      13.135127696193683
    ]
  ],
  "val_perplexity": [
    [
      500,
      1035.9163328712577
    ],
    [
      1000,
      1154.8394789210906
    ],
    [
      1500,
      1599.7144488535992
    ],
    [
      2000,
      2210.506732521952
    ],
    [
      2500,
      3319.504311285424
    ],
    [
      3000,
      5386.843570902323
    ],
    [
      3500,
      7755.013995167071
    ],
    [
      4000,
      11016.149321072266
    ],
    [
      4500,
      16114.17880662834
    ],
    [
      5000,
      22815.280122425145
    ],
    [
      5500,
      32355.919557653124
    ],
    [
      6000,
      44133.773779787974
    ],
    [
      6500,
      59314.10579366748
    ],
    [
      7000,
      72410.97733474433
    ],
    [
      7500,
      98346.78875642606
    ],
    [
      8000,
      120108.78663263527
    ],
    [
      8500,
      148143.0531152298
    ],
    [
      9000,
      181168.13217641486
    ],
    [
      9500,
      196134.2189616903
    ],
    [
      10000,
      235992.67085645505
    ],
    [
      10500,
      264372.9292296891
    ],
    [
      11000,
      296413.8558304178
    ],
    [
      11500,
      332213.5873185913
    ],
    [
      12000,
      351754.3165186736
    ],
    [
      12500,
      378408.6175039931
    ],
    [
      13000,
      403854.89534729836
    ],
    [
      13500,
      418727.91040826007
    ],
    [
      14000,
      435806.4788006139
    ],
    [
      14500,
      467575.47468142654
    ],
    [
      15000,
      504509.98382150487
    ],
    [
      15500,
      491120.6466841664
    ],
    [
      15617,
      506423.0652128963
    ]
  ],
  "val_ece": [
    [
      500,
      0.1162073175039231
    ],
    [
      1000,
      0.1579166799755611
    ],
    [
      1500,
      0.18881441339321406
    ],
    [
      2000,
      0.21847228504959462
    ],
    [
      2500,
      0.242371746142496
    ],
    [
      3000,
      0.27933102352239497
    ],
    [
      3500,
      0.2998614429666358
    ],
    [
      4000,
      0.29728365119032374
    ],
    [
      4500,
      0.3308407006712194
    ],
    [
      5000,
      0.3347892420776617
    ],
    [
      5500,
      0.35877092160899443
    ],
    [
      6000,
      0.36191820956761184
    ],
    [
      6500,
      0.3817657197190733
    ],
    [
      7000,
      0.40195540008945463
    ],
    [
      7500,
      0.4063695008057776
    ],
    [
      8000,
      0.41887738472308855
    ],
    [
      8500,
      0.4331992347074498
    ],
    [
      9000,
      0.44402451047101177
    ],
    [
      9500,
      0.45257824383529716
    ],
    [
      10000,
      0.45427488379906544
    ],
    [
      10500,
      0.4669000202536785
    ],
    [
      11000,
      0.4641919635024092
    ],
    [
      11500,
      0.4631744948458312
    ],
    [
      12000,
      0.4771014835086378
    ],
    [
      12500,
      0.4819813813254039
    ],
    [
      13000,
      0.48071522359993657
    ],
    [
      13500,
      0.47929319136276755
    ],
    [
      14000,
      0.48434841551530633
    ],
    [
      14500,
      0.48518761107418734
    ],
    [
      15000,
      0.4881267992185343
    ],
    [
      15500,
      0.4867820708107284
    ],
    [
      15617,
      0.4874885294171578
    ]
  ],
  "val_brier": [
    [
      500,
      0.07908951927324323
    ],
    [
      1000,
      0.09653875827321325
    ],
    [
      1500,
      0.11416081048831443
    ],
    [
      2000,
      0.13526018715464186
    ],
    [
      2500,
      0.15348486544548964
    ],
    [
      3000,
      0.18054790590162767
    ],
    [
      3500,
      0.19666773910386173
    ],
    [
      4000,
      0.1939977973046878
    ],
    [
      4500,
      0.21994548077753506
    ],
    [
      5000,
      0.22183930311125474
    ],
    [
      5500,
      0.24175204765730152
    ],
    [
      6000,
      0.2426984946202747
    ],
    [
      6500,
      0.25807750153118436
    ],
    [
      7000,
      0.27470986633877653
    ],
    [
      7500,
      0.2777006764356867
    ],
    [
      8000,
      0.28627118532529044
    ],
    [
      8500,
      0.2989347023213091
    ],
    [
      9000,
      0.3089490264655773
    ],
    [
      9500,
      0.31572257119262975
    ],
    [
      10000,
      0.3166223354532681
    ],
    [
      10500,
      0.32776031749414075
    ],
    [
      11000,
      0.32450895401483654
    ],
    [
      11500,
      0.3236840749794865
    ],
    [
      12000,
      0.3370213527774633
    ],
    [
      12500,
      0.3406032355377149
    ],
    [
      13000,
      0.33973576171494246
    ],
    [
      13500,
      0.33829738697426426
    ],
    [
      14000,
      0.34239006222595825
    ],
    [
      14500,
      0.3437932347578212
    ],
    [
      15000,
      0.3463695888479228
    ],
    [
      15500,
      0.34467204839193977
    ],
    [
      15617,
      0.3455427606542717
    ]
  ],