{
  "temperatures": {
    "fire": 0.4360387661474895,
    "flood": 0.2723659257116859,
    "wind": 0.44601258762349216,
    "winter": 0.660036555652259,
    "seismic": 0.37201100339579585
  }
}