{
  "val_val_loss": [
    [
      500,
      8.126887287077357
    ],
    [
      1000,
      9.257710252042676
    ],
    [
      1500,
      10.126813219414382
    ],
    [
      2000,
      10.92073917701596
    ],
    [
      2500,
      11.318322416211737
    ],
    [
      3000,
      11.637796961674924
    ],
    [
      3117,
      11.647252095331911
    ],
    [
      3500,
      11.870518997067311
    ],
    [
      4000,
      12.134122223150534
    ],
    [
      4500,
      12.279017098223576
    ],
    [
      5000,
      12.335128674741652
    ],
    [
      5500,
      12.393673452783803
    ],
    [
      6000,
      12.494043619124616
    ],
    [
      6234,
      12.556419891607566
    ]
  ],
  "val_perplexity": [
    [
      500,
      3384.24895768995
    ],
    [
      1000,
      10485.097602243559
    ],
    [
      1500,
      25004.553303702258
    ],
    [
      2000,
      55311.66895062581
    ],
    [
      2500,
      82316.13481308159
    ],
    [
      3000,
      113300.2849112033
    ],
    [
      3117,
      114376.63474543138
    ],
    [
      3500,
      142988.43002709528
    ],
    [
      4000,
      186115.4060924611
    ],
    [
      4500,
      215134.15692806154
    ],
    [
      5000,
      227550.77396641765
    ],
    [
      5500,
      241270.3704617586
    ],
    [
      6000,
      266743.71810096415
    ],
    [
      6234,
      283912.0799596866
    ]
  ],
  "val_ece": [
    [
      500,
      0.2333768592000962
    ],
    [
      1000,
      0.32388091649878015
    ],
    [
      1500,
      0.38787631803153794
    ],
    [
      2000,
      0.434076313656503
    ],
    [
      2500,
      0.44477998989339196
    ],
    [
      3000,
      0.4653814927700394
    ],
    [
      3117,
      0.45191373526735745
    ],
    [
      3500,
      0.46380412909864976
    ],
    [
      4000,
      0.47790987671527907
    ],
    [
      4500,
      0.4817056869788293
    ],
    [
      5000,
      0.48489089055496926
    ],
    [
      5500,
      0.48464904969243244
    ],
    [
      6000,
      0.4948759851805504
    ],
    [
      6234,
      0.4971709370868036
    ]
  ],
  "val_brier": [
    [
      500,
      0.13452165872086982
    ],
    [
      1000,
      0.21809745740788192
    ],
    [
      1500,
      0.2727634949216679
    ],
    [
      2000,
      0.31321266898163685
    ],
    [
      2500,
      0.32062120721611714
    ],
    [
      3000,
      0.3440168061569268
    ],
    [
      3117,
      0.33131022983390207
    ],
    [
      3500,
      0.34142575893905713
    ],
    [
      4000,
      0.352656407411092
    ],
    [
      4500,
      0.3552945108415072
    ],
    [
      5000,
      0.3592188584041432
    ],
    [
      5500,
      0.36219169878990676
    ],
    [
      6000,
      0.3709173025616081
    ],
    [
      6234,
      0.37342073310738844
    ]
  ],
  "val_mean_confidence": [
    [
      500,
      0.2572493223825674
    ],
    [
      1000,
      0.3412020724665552
    ],
    [
      1500,
      0.40393668210173495
    ],
    [
      2000,
      0.4482685409245654
    ],
    [
      2500,
      0.45777195931046916
    ],
    [
      3000,
      0.47918726427044983
    ],
    [
      3117,
      0.4651294000354198
    ],
    [
      3500,
      0.4776848666037811
    ],
    [
      4000,
      0.491259437983752
    ],
    [
      4500,
      0.49450683383843513
    ],
    [
      5000,
      0.4973264278086639
    ],
    [
      5500,
      0.4974534036538446
    ],
    [
      6000,
      0.5081301351702877
    ],
    [
      6234,
      0.5102980056674686
    ]
  ],
  "val_mean_accuracy": [
    [
      500,
      0.023872463182471264
    ],
    [
      1000,
      0.017321155967775042
    ],
    [
      1500,
      0.016060364070197043
    ],
    [
      2000,
      0.014192227268062397
    ],
    [
      2500,
      0.012991969417077176
    ],
    [
      3000,
      0.01380577150041051
    ],
    [
      3117,
      0.013215664768062397
    ],
    [
      3500,
      0.013880737505131363
    ],
    [
      4000,
      0.013349561268472906
    ],
    [
      4500,
      0.012801146859605912
    ],
    [
      5000,
      0.012435537253694581
    ],
    [
      5500,
      0.01280435396141215
    ],
    [
      6000,
      0.013254149989737275
    ],
    [
      6234,
      0.013127068580665025
    ]
  ],
  "val_overconfidence": [
    [
      500,
      0.23337685920009615
    ],
    [
      1000,
      0.32388091649878015
    ],
    [
      1500,
      0.3878763180315379
    ],
    [
      2000,
      0.434076313656503
    ],
    [
      2500,
      0.44477998989339196
    ],
    [
      3000,
      0.4653814927700393
    ],
    [
      3117,
      0.4519137352673574
    ],
    [
      3500,
      0.46380412909864976
    ],
    [
      4000,
      0.47790987671527907
    ],
    [
      4500,
      0.4817056869788292
    ],
    [
      5000,
      0.4848908905549693
    ],
    [
      5500,
      0.48464904969243244
    ],
    [
      6000,
      0.4948759851805504
    ],
    [
      6234,
      0.4971709370868036
    ]
  ],
  "val_entropy_mean": [
    [
      500,
      5.782317638397217
    ],
    [
      1000,
      4.899662017822266
    ],
    [
      1500,
      4.049810409545898
    ],
    [
      2000,
      3.5079288482666016
    ],
    [
      2500,
      3.333238363265991
    ],
    [
      3000,
      3.1076910495758057
    ],
    [
      3117,
      3.2225470542907715
    ],
    [
      3500,
      3.0546867847442627
    ],
    [
      4000,
      2.929011106491089
    ],
    [
      4500,
      2.9174933433532715
    ],
    [
      5000,
      2.854616165161133
    ],
    [
      5500,
      2.860056161880493
    ],
    [
      6000,
      2.77453875541687
    ],
    [
      6234,
      2.771535634994507
    ]
  ],
  "val_entropy_std": [
    [
      500,
      2.333092451095581
    ],
    [
      1000,
      2.755845308303833
    ],
    [
      1500,
      2.5931453704833984
    ],
    [
      2000,
      2.4633312225341797
    ],
    [
      2500,
      2.3616669178009033
    ],
    [
      3000,
      2.3020005226135254
    ],
    [
      3117,
      2.3680546283721924
    ],
    [
      3500,
      2.234851360321045
    ],
    [
      4000,
      2.19614839553833
    ],
    [
      4500,
      2.216357946395874
    ],
    [
      5000,
      2.1746418476104736
    ],
    [
      5500,
      2.2115519046783447
    ],
    [
      6000,
      2.1820099353790283
    ],
    [
      6234,
      2.197509288787842
    ]
  ],
  "val_entropy_min": [
    [
      500,
      0.1234489381313324
    ],
    [
      1000,
      0.00300668110139668
    ],
    [
      1500,
      0.00019375255214981735
    ],
    [
      2000,
      1.554204209242016e-05
    ],
    [
      2500,
      7.624849786225241e-06
    ],
    [
      3000,
      2.2915417048352538e-06
    ],
    [
      3117,
      2.1676908090739744e-06
    ],
    [
      3500,
      7.375065251835622e-07
    ],
    [
      4000,
      5.621960781354574e-07
    ],
    [
      4500,
      2.789977600059501e-07
    ],
    [
      5000,
      2.8409451147126674e-07
    ],
    [
      5500,
      2.0637673969758907e-07
    ],
    [
      6000,
      1.7781508176994976e-07
    ],
    [
      6234,
      1.6110280398606847e-07
    ]
  ],