{
  "val_val_loss": [
    [
      500,
      7.019419115072662
    ],
    [
      1000,
      7.0997370842568746
    ],
    [
      1500,
      7.40177974271621
    ],
    [
      2000,
      7.806043895954488
    ],
    [
      2500,
      8.212459527411262
    ],
    [
      3000,
      8.570924936460145
    ],
    [
      3500,
      8.937326981247047
    ],
    [
      4000,
      9.278856982295537
    ],
    [
      4500,
      9.554728881339168
    ],
    [
      5000,
      9.833058565912523
    ],
    [
      5500,
      10.116359092951587
    ],
    [
      6000,
      10.398520933623482
    ],
    [
      6500,
      10.613217552221856
    ],
    [
      7000,
      10.79885715503018
    ],
    [
      7500,
      11.061409316415572
    ],
    [
      8000,
      11.196339585466783
    ],
    [
      8500,
      11.358553993433619
    ],
    [
      9000,
      11.562559587012533
    ],
    [
      9500,
      11.689951484532985
    ],
    [
      10000,
      11.773774261873251
    ],
    [
      10500,
      11.903365298022795
    ],
    [
      11000,
      12.000635615959045
    ],
    [
      11500,
      12.08657878924796
    ],
    [
      12000,
      12.158782770702693
    ],
    [
      12500,
      12.233047414209299
    ],
    [
      13000,
      12.309947924291972
    ],
    [
      13500,
      12.338191225597713
    ],
    [
      14000,
      12.374771673809677
    ],
    [
      14500,
      12.436725121525706
    ],
    [
      15000,
      12.48752228470094
    ],
    [
      15500,
      12.509060088767884
    ],
    [
      15617,
      12.508377766072558
    ]
  ],
  "val_perplexity": [
    [
      500,
      1118.1369201813607
    ],
    [
      1000,
      1211.648471153295
    ],
    [
      1500,
      1638.898653884184
    ],
    [
      2000,
      2455.3973879658956
    ],
    [
      2500,
      3686.59861512598
    ],
    [
      3000,
      5276.007505763968
    ],
    [
      3500,
      7610.825961098039
    ],
    [
      4000,
      10709.184131000891
    ],
    [
      4500,
      14111.267649846222
    ],
    [
      5000,
      18639.878424220104
    ],
    [
      5500,
      24744.514150690487
    ],
    [
      6000,
      32811.06003172155
    ],
    [
      6500,
      40668.843090003444
    ],
    [
      7000,
      48964.80996109715
    ],
    [
      7500,
      63666.21451110185
    ],
    [
      8000,
      72863.24342811195
    ],
    [
      8500,
      85695.3627997152
    ],
    [
      9000,
      105088.65298108026
    ],
    [
      9500,
      119366.21512903328
    ],
    [
      10000,
      129803.13842296322
    ],
    [
      10500,
      147763.05617380128
    ],
    [
      11000,
      162858.27384589784
    ],
    [
      11500,
      177473.89190996715
    ],
    [
      12000,
      190762.1743502939
    ],
    [
      12500,
      205468.37624876396
    ],
    [
      13000,
      221892.41456054198
    ],
    [
      13500,
      228248.72799836306
    ],
    [
      14000,
      236752.76117485168
    ],
    [
      14500,
      251884.29683818165
    ],
    [
      15000,
      265009.8528122953
    ],
    [
      15500,
      270779.4927533868
    ],
    [
      15617,
      270594.7967783458
    ]
  ],
  "val_ece": [
    [
      500,
      0.09678832801607336
    ],
    [
      1000,
      0.13163742248389596
    ],
    [
      1500,
      0.16708720004322553
    ],
    [
      2000,
      0.20231604654458749
    ],
    [
      2500,
      0.22312484827442342
    ],
    [
      3000,
      0.2382047543717679
    ],
    [
      3500,
      0.24966248094623386
    ],
    [
      4000,
      0.2776413764843484
    ],
    [
      4500,
      0.2807888235897395
    ],
    [
      5000,
      0.29382401491958365
    ],
    [
      5500,
      0.2971654495628815
    ],
    [
      6000,
      0.3149117930333415
    ],
    [
      6500,
      0.32736476598703107
    ],
    [
      7000,
      0.3352955810084649
    ],
    [
      7500,
      0.36338873690106044
    ],
    [
      8000,
      0.36475842607850917
    ],
    [
      8500,
      0.3771463209266508
    ],
    [
      9000,
      0.3894769085391072
    ],
    [
      9500,
      0.40162622309185275
    ],
    [
      10000,
      0.4022106096406773
    ],
    [
      10500,
      0.40956654876747334
    ],
    [
      11000,
      0.4176908449786282
    ],
    [
      11500,
      0.420477480705683
    ],
    [
      12000,
      0.4311709024506194
    ],
    [
      12500,
      0.4290709458599413
    ],
    [
      13000,
      0.43736377387275216
    ],
    [
      13500,
      0.43698024600329716
    ],
    [
      14000,
      0.44220871258209316
    ],
    [
      14500,
      0.44241332615929563
    ],
    [
      15000,
      0.44806933529350723
    ],
    [
      15500,
      0.4456548236851172
    ],
    [
      15617,
      0.4453883799254864
    ]
  ],
  "val_brier": [
    [
      500,
      0.07132918357904725
    ],
    [
      1000,
      0.0892851462103224
    ],
    [
      1500,
      0.1073475578909581
    ],
    [
      2000,
      0.12675339721766513
    ],
    [
      2500,
      0.14040566922386052
    ],
    [
      3000,
      0.1522021649745087
    ],
    [
      3500,
      0.15875197056243337
    ],
    [
      4000,
      0.1819409086131517
    ],
    [
      4500,
      0.18282655882872087
    ],
    [
      5000,
      0.18989492436220365
    ],
    [
      5500,
      0.1898861232527598
    ],
    [
      6000,
      0.20542978787935345
    ],
    [
      6500,
      0.21286677455275618
    ],
    [
      7000,
      0.21713640676798038
    ],
    [
      7500,
      0.24050583408175488
    ],
    [
      8000,
      0.24011323880792035
    ],
    [
      8500,
      0.24965600126294146
    ],
    [
      9000,
      0.2598741646046767
    ],
    [
      9500,
      0.2685456342746902
    ],
    [
      10000,
      0.26839266126211947
    ],
    [
      10500,
      0.2755639071882287
    ],
    [
      11000,
      0.28239061639694685
    ],
    [
      11500,
      0.2838568003307778
    ],
    [
      12000,
      0.29324560452231685
    ],
    [
      12500,
      0.2908620894194414
    ],
    [
      13000,
      0.29923346977949866
    ],
    [
      13500,
      0.2982774303231414
    ],
    [
      14000,
      0.30335009498667603
    ],
    [
      14500,
      0.302878883140967
    ],
    [
      15000,
      0.30822451325358075
    ],
    [
      15500,
      0.3058047163639147
    ],
    [
      15617,
      0.30641100533647425
    ]
  ],