{
  "val_val_loss": [
    [
      500,
      7.034408241836204
    ],
    [
      1000,
      7.0419910989006995
    ],
    [
      1500,
      7.130440288801285
    ],
    [
      2000,
      7.177183272677603
    ],
    [
      2500,
      7.2816168414051505
    ],
    [
      3000,
      7.380916579513304
    ],
    [
      3500,
      7.496675087478
    ],
    [
      4000,
      7.573636626890618
    ],
    [
      4500,
      7.737888715198186
    ],
    [
      5000,
      7.866867781145396
    ],
    [
      5500,
      8.020940361912228
    ],
    [
      6000,
      8.209803959334394
    ],
    [
      6500,
      8.388438590776499
    ],
    [
      7000,
      8.567995302163519
    ],
    [
      7500,
      8.810732835665393
    ],
    [
      8000,
      9.02525542694656
    ],
    [
      8500,
      9.270931258002278
    ],
    [
      9000,
      9.445502984945414
    ],
    [
      9500,
      9.633655842170837
    ],
    [
      10000,
      9.805951103596826
    ],
    [
      10500,
      9.972253987260187
    ],
    [
      11000,
      10.124862776538567
    ],
    [
      11500,
      10.239422292494698
    ],
    [
      12000,
      10.33570609430025
    ],
    [
      12500,
      10.413897057438204
    ],
    [
      13000,
      10.488801714998349
    ],
    [
      13500,
      10.58323842582212
    ],
    [
      14000,
      10.653017704739831
    ],
    [
      14500,
      10.70232856465306
    ],
    [
      15000,
      10.733173241875946
    ],
    [
      15500,
      10.799036495018619
    ],
    [
      15617,
      10.809612021492224
    ]
  ],
  "val_perplexity": [
    [
      500,
      1135.0230542641334
    ],
    [
      1000,
      1143.6624862413883
    ],
    [
      1500,
      1249.4269545237785
    ],
    [
      2000,
      1309.215357072285
    ],
    [
      2500,
      1453.3359402235333
    ],
    [
      3000,
      1605.060259169623
    ],
    [
      3500,
      1802.0408145183178
    ],
    [
      4000,
      1946.2050494277626
    ],
    [
      4500,
      2293.6247724565123
    ],
    [
      5000,
      2609.37962670303
    ],
    [
      5500,
      3044.0384853241853
    ],
    [
      6000,
      3676.82158905625
    ],
    [
      6500,
      4395.948458314287
    ],
    [
      7000,
      5260.573352477195
    ],
    [
      7500,
      6705.8317394455535
    ],
    [
      8000,
      8310.33688672511
    ],
    [
      8500,
      10624.641563273752
    ],
    [
      9000,
      12651.144760284653
    ],
    [
      9500,
      15270.15948007389
    ],
    [
      10000,
      18141.385584803204
    ],
    [
      10500,
      21423.719761542347
    ],
    [
      11000,
      24955.830881444737
    ],
    [
      11500,
      27984.95413735871
    ],
    [
      12000,
      30813.435590016037
    ],
    [
      12500,
      33319.46559005107
    ],
    [
      13000,
      35911.099860358954
    ],
    [
      13500,
      39467.72095611139
    ],
    [
      14000,
      42320.11164909503
    ],
    [
      14500,
      44459.26095355898
    ],
    [
      15000,
      45851.960780097994
    ],
    [
      15500,
      48973.59209702
    ],
    [
      15617,
      49494.2619429089
    ]
  ],
  "val_ece": [
    [
      500,
      0.08793894959782235
    ],
    [
      1000,
      0.12761795947502746
    ],
    [
      1500,
      0.12696335951963827
    ],
    [
      2000,
      0.13938068076623356
    ],
    [
      2500,
      0.1478735807390093
    ],
    [
      3000,
      0.15024706592725529
    ],
    [
      3500,
      0.17099037753268564
    ],
    [
      4000,
      0.17385006817865925
    ],
    [
      4500,
      0.19136317310273412
    ],
    [
      5000,
      0.18847811955115565
    ],
    [
      5500,
      0.20470773265977718
    ],
    [
      6000,
      0.2227388477980426
    ],
    [
      6500,
      0.22855706557284722
    ],
    [
      7000,
      0.23470041107182132
    ],
    [
      7500,
      0.24109938586967816
    ],
    [
      8000,
      0.26657225025113646
    ],
    [
      8500,
      0.26826679407629317
    ],
    [
      9000,
      0.28546118657748554
    ],
    [
      9500,
      0.2986261821462592
    ],
    [
      10000,
      0.29948513941418453
    ],
    [
      10500,
      0.3092137620408269
    ],
    [
      11000,
      0.3166857817886996
    ],
    [
      11500,
      0.32245264908510973
    ],
    [
      12000,
      0.33109453148364726
    ],
    [
      12500,
      0.33292040409339785
    ],
    [
      13000,
      0.3366573790862776
    ],
    [
      13500,
      0.3476432182282938
    ],
    [
      14000,
      0.34680067098104245
    ],
    [
      14500,
      0.3487839562119699
    ],
    [
      15000,
      0.3516181902354881
    ],
    [
      15500,
      0.35598226233898006
    ],
    [
      15617,
      0.3555683560438611
    ]
  ],
  "val_brier": [
    [
      500,
      0.0681393127871491
    ],
    [
      1000,
      0.08368138184723983
    ],
    [
      1500,
      0.0885836340663625
    ],
    [
      2000,
      0.09380075279898607
    ],
    [
      2500,
      0.09393821172590561
    ],
    [
      3000,
      0.09859199306861018
    ],
    [
      3500,
      0.10759160054576042
    ],
    [
      4000,
      0.10659811183068461
    ],
    [
      4500,
      0.11702341688162671
    ],
    [
      5000,
      0.11466819823642382
    ],
    [
      5500,
      0.1228170380028247
    ],
    [
      6000,
      0.13472464449165122
    ],
    [
      6500,
      0.13842156902659453
    ],
    [
      7000,
      0.1400758320197886
    ],
    [
      7500,
      0.14542326830621538
    ],
    [
      8000,
      0.16246120004074935
    ],
    [
      8500,
      0.16148924475560472
    ],
    [
      9000,
      0.1736133513403257
    ],
    [
      9500,
      0.18234666764935706
    ],
    [
      10000,
      0.18159992703776337
    ],
    [
      10500,
      0.1888419484340101
    ],
    [
      11000,
      0.19355060487974066
    ],
    [
      11500,
      0.19758547593294645
    ],
    [
      12000,
      0.2039235708228968
    ],
    [
      12500,
      0.20494944797789844
    ],
    [
      13000,
      0.20776803990596696
    ],
    [
      13500,
      0.21622219302031295
    ],
    [
      14000,
      0.21559146846790683
    ],
    [
      14500,
      0.21669300575482955
    ],
    [
      15000,
      0.21889193825382885
    ],
    [
      15500,
      0.22297119413237962
    ],
    [
      15617,
      0.22173447140621813
    ]
  ],