{
  "val_val_loss": [
    [
      500,
      8.103842514851054
    ],
    [
      1000,
      9.295890573595392
    ],
    [
      1500,
      10.101097178850017
    ],
    [
      2000,
      10.61900667597036
    ],
    [
      2500,
      11.027588397166769
    ],
    [
      3000,
      11.407644540755475
    ],
    [
      3117,
      11.418067294261494
    ],
    [
      3500,
      11.657752837509406
    ],
    [
      4000,
      11.758034706115723
    ],
    [
      4500,
      11.917052844313325
    ],
    [
      5000,
      12.017777411664119
    ],
    [
      5500,
      12.075721099728444
    ],
    [
      6000,
      12.138162181416495
    ],
    [
      6234,
      12.1883077746532
    ]
  ],
  "val_perplexity": [
    [
      500,
      3307.1514702504323
    ],
    [
      1000,
      10893.1624541079
    ],
    [
      1500,
      24369.73271692949
    ],
    [
      2000,
      40904.96285919971
    ],
    [
      2500,
      61548.970003477334
    ],
    [
      3000,
      90007.16351495007
    ],
    [
      3117,
      90950.1919333723
    ],
    [
      3500,
      115584.00233165335
    ],
    [
      4000,
      127776.08896442552
    ],
    [
      4500,
      149799.47483928126
    ],
    [
      5000,
      165674.02164358544
    ],
    [
      5500,
      175557.3588822832
    ],
    [
      6000,
      186868.82543234274
    ],
    [
      6234,
      196478.39883447406
    ]
  ],
  "val_ece": [
    [
      500,
      0.23961580397263668
    ],
    [
      1000,
      0.2923304106297407
    ],
    [
      1500,
      0.3288950920528052
    ],
    [
      2000,
      0.36343517839017214
    ],
    [
      2500,
      0.39932463503951143
    ],
    [
      3000,
      0.41597199556121
    ],
    [
      3117,
      0.43523939174520454
    ],
    [
      3500,
      0.4445356355871979
    ],
    [
      4000,
      0.44202095934742835
    ],
    [
      4500,
      0.45641242881947763
    ],
    [
      5000,
      0.4682187189557912
    ],
    [
      5500,
      0.4716547752136111
    ],
    [
      6000,
      0.4701734671897214
    ],
    [
      6234,
      0.4757898760841557
    ]
  ],
  "val_brier": [
    [
      500,
      0.1379409513163807
    ],
    [
      1000,
      0.18920747808704355
    ],
    [
      1500,
      0.2226946964153787
    ],
    [
      2000,
      0.2493396723190769
    ],
    [
      2500,
      0.28170352280786953
    ],
    [
      3000,
      0.2961306342875341
    ],
    [
      3117,
      0.3095981400826787
    ],
    [
      3500,
      0.3236626799252549
    ],
    [
      4000,
      0.31990839387266046
    ],
    [
      4500,
      0.33285783154240245
    ],
    [
      5000,
      0.3436585056812702
    ],
    [
      5500,
      0.3460708225852855
    ],
    [
      6000,
      0.34698800516328804
    ],
    [
      6234,
      0.35349499615899993
    ]
  ],
  "val_mean_confidence": [
    [
      500,
      0.2650280769098288
    ],
    [
      1000,
      0.3077870377849132
    ],
    [
      1500,
      0.3452645405595786
    ],
    [
      2000,
      0.37878717384891597
    ],
    [
      2500,
      0.41411859478396956
    ],
    [
      3000,
      0.42961099776769607
    ],
    [
      3117,
      0.4500349550405658
    ],
    [
      3500,
      0.45945507318982515
    ],
    [
      4000,
      0.45728195329242016
    ],
    [
      4500,
      0.4717736446959145
    ],
    [
      5000,
      0.48335263149171076
    ],
    [
      5500,
      0.48726253704140254
    ],
    [
      6000,
      0.4865773920409119
    ],
    [
      6234,
      0.4925678291834989
    ]
  ],
  "val_mean_accuracy": [
    [
      500,
      0.02541227293719212
    ],
    [
      1000,
      0.015456627155172414
    ],
    [
      1500,
      0.0163694485067734
    ],
    [
      2000,
      0.015351995458743842
    ],
    [
      2500,
      0.014793959744458128
    ],
    [
      3000,
      0.013639002206486043
    ],
    [
      3117,
      0.014795563295361249
    ],
    [
      3500,
      0.014919437602627258
    ],
    [
      4000,
      0.01526099394499179
    ],
    [
      4500,
      0.015361215876436782
    ],
    [
      5000,
      0.01513391253591954
    ],
    [
      5500,
      0.015607761827791462
    ],
    [
      6000,
      0.016403924851190476
    ],
    [
      6234,
      0.016777953099343185
    ]
  ],
  "val_overconfidence": [
    [
      500,
      0.2396158039726367
    ],
    [
      1000,
      0.29233041062974074
    ],
    [
      1500,
      0.3288950920528052
    ],
    [
      2000,
      0.36343517839017214
    ],
    [
      2500,
      0.39932463503951143
    ],
    [
      3000,
      0.41597199556121
    ],
    [
      3117,
      0.43523939174520454
    ],
    [
      3500,
      0.4445356355871979
    ],
    [
      4000,
      0.44202095934742835
    ],
    [
      4500,
      0.4564124288194777
    ],
    [
      5000,
      0.4682187189557912
    ],
    [
      5500,
      0.4716547752136111
    ],
    [
      6000,
      0.4701734671897214
    ],
    [
      6234,
      0.4757898760841557
    ]
  ],
  "val_entropy_mean": [
    [
      500,
      5.639814853668213
    ],
    [
      1000,
      5.1481733322143555
    ],
    [
      1500,
      4.576135158538818
    ],
    [
      2000,
      4.180849552154541
    ],
    [
      2500,
      3.814692974090576
    ],
    [
      3000,
      3.579918146133423
    ],
    [
      3117,
      3.3134398460388184
    ],
    [
      3500,
      3.2824108600616455
    ],
    [
      4000,
      3.2949769496917725
    ],
    [
      4500,
      3.1419379711151123
    ],
    [
      5000,
      3.0276355743408203
    ],
    [
      5500,
      2.9896185398101807
    ],
    [
      6000,
      2.9811668395996094
    ],
    [
      6234,
      2.9371585845947266
    ]
  ],
  "val_entropy_std": [
    [
      500,
      2.226151466369629
    ],
    [
      1000,
      2.637665033340454
    ],
    [
      1500,
      2.59285569190979
    ],
    [
      2000,
      2.5232675075531006
    ],
    [
      2500,
      2.4703383445739746
    ],
    [
      3000,
      2.422308921813965
    ],
    [
      3117,
      2.281585693359375
    ],
    [
      3500,
      2.3854899406433105
    ],
    [
      4000,
      2.3431427478790283
    ],
    [
      4500,
      2.3132803440093994
    ],
    [
      5000,
      2.252218723297119
    ],
    [
      5500,
      2.219034433364868
    ],
    [
      6000,
      2.2302517890930176
    ],
    [
      6234,
      2.242508888244629
    ]
  ],
  "val_entropy_min": [
    [
      500,
      0.11686979234218597
    ],
    [
      1000,
      0.004273894242942333
    ],
    [
      1500,
      0.0003260009689256549
    ],
    [
      2000,
      3.5145465517416596e-05
    ],
    [
      2500,
      1.2005812095594592e-05
    ],
    [
      3000,
      3.978725544584449e-06
    ],
    [
      3117,
      4.357658326625824e-06
    ],
    [
      3500,
      1.7104379139709636e-06
    ],
    [
      4000,
      1.0723954346758546e-06
    ],
    [
      4500,
      5.0068865675712e-07
    ],
    [
      5000,
      5.997958396619651e-07
    ],
    [
      5500,
      2.8848725719399226e-07
    ],
    [
      6000,
      3.519658378081658e-07
    ],
    [
      6234,
      2.725456340613164e-07
    ]
  ],