{
  "val_val_loss": [
    [
      500,
      8.143332417284856
    ],
    [
      1000,
      9.291096693570497
    ],
    [
      1500,
      10.100544044619701
    ],
    [
      2000,
      10.819550429797564
    ],
    [
      2500,
      11.315670544983911
    ],
    [
      3000,
      11.637063545477195
    ],
    [
      3117,
      11.630413890275799
    ],
    [
      3500,
      11.856411289777911
    ],
    [
      4000,
      12.196183995731541
    ],
    [
      4500,
      12.330428129727723
    ],
    [
      5000,
      12.410149105259629
    ],
    [
      5500,
      12.472280577362561
    ],
    [
      6000,
      12.546983994030562
    ],
    [
      6234,
      12.630197262373127
    ]
  ],
  "val_perplexity": [
    [
      500,
      3440.3635134012306
    ],
    [
      1000,
      10841.066909874171
    ],
    [
      1500,
      24356.256710943802
    ],
    [
      2000,
      49988.60856720859
    ],
    [
      2500,
      82098.13220875908
    ],
    [
      3000,
      113217.21911166696
    ],
    [
      3117,
      112466.86121728741
    ],
    [
      3500,
      140985.35373961934
    ],
    [
      4000,
      198032.01642709918
    ],
    [
      4500,
      226483.67125740636
    ],
    [
      5000,
      245278.38389317432
    ],
    [
      5500,
      261001.27656918953
    ],
    [
      6000,
      281245.71421290934
    ],
    [
      6234,
      305650.4055722225
    ]
  ],
  "val_ece": [
    [
      500,
      0.23585316521411154
    ],
    [
      1000,
      0.321880535952767
    ],
    [
      1500,
      0.3733687928245993
    ],
    [
      2000,
      0.40019852513346343
    ],
    [
      2500,
      0.43201738223786446
    ],
    [
      3000,
      0.4521463943630445
    ],
    [
      3117,
      0.45502184093668985
    ],
    [
      3500,
      0.4583372031524664
    ],
    [
      4000,
      0.49187135014801536
    ],
    [
      4500,
      0.49042342425053176
    ],
    [
      5000,
      0.49784896795032046
    ],
    [
      5500,
      0.4996097735941727
    ],
    [
      6000,
      0.50493729903328
    ],
    [
      6234,
      0.5080896027547941
    ]
  ],
  "val_brier": [
    [
      500,
      0.13917251867149916
    ],
    [
      1000,
      0.21461675780614758
    ],
    [
      1500,
      0.25939441587934337
    ],
    [
      2000,
      0.2871851083786665
    ],
    [
      2500,
      0.3160222321626627
    ],
    [
      3000,
      0.33452519138455156
    ],
    [
      3117,
      0.3324618559620399
    ],
    [
      3500,
      0.336959178457229
    ],
    [
      4000,
      0.36784712867503844
    ],
    [
      4500,
      0.3680169651580316
    ],
    [
      5000,
      0.37411040454935757
    ],
    [
      5500,
      0.3764964535404928
    ],
    [
      6000,
      0.38120904388523985
    ],
    [
      6234,
      0.3851516866960289
    ]
  ],
  "val_mean_confidence": [
    [
      500,
      0.2616775507334053
    ],
    [
      1000,
      0.3370709736580215
    ],
    [
      1500,
      0.38811865491922154
    ],
    [
      2000,
      0.41415863840829925
    ],
    [
      2500,
      0.4461723269474293
    ],
    [
      3000,
      0.4663714944246209
    ],
    [
      3117,
      0.4684054776618541
    ],
    [
      3500,
      0.4721546003969246
    ],
    [
      4000,
      0.5061597904702649
    ],
    [
      4500,
      0.5034198034325925
    ],
    [
      5000,
      0.5104135910517161
    ],
    [
      5500,
      0.512581297737235
    ],
    [
      6000,
      0.5183297552884114
    ],
    [
      6234,
      0.5210238443393589
    ]
  ],
  "val_mean_accuracy": [
    [
      500,
      0.025824385519293926
    ],
    [
      1000,
      0.015190437705254516
    ],
    [
      1500,
      0.014749862094622332
    ],
    [
      2000,
      0.013960113274835796
    ],
    [
      2500,
      0.014154944709564861
    ],
    [
      3000,
      0.014225100061576354
    ],
    [
      3117,
      0.013383636725164204
    ],
    [
      3500,
      0.013817397244458128
    ],
    [
      4000,
      0.01428844032224959
    ],
    [
      4500,
      0.012996379182060756
    ],
    [
      5000,
      0.01256462310139573
    ],
    [
      5500,
      0.012971524143062397
    ],
    [
      6000,
      0.013392456255131363
    ],
    [
      6234,
      0.012934241584564861
    ]
  ],
  "val_overconfidence": [
    [
      500,
      0.2358531652141114
    ],
    [
      1000,
      0.321880535952767
    ],
    [
      1500,
      0.3733687928245992
    ],
    [
      2000,
      0.40019852513346343
    ],
    [
      2500,
      0.43201738223786446
    ],
    [
      3000,
      0.45214639436304455
    ],
    [
      3117,
      0.4550218409366899
    ],
    [
      3500,
      0.45833720315246645
    ],
    [
      4000,
      0.49187135014801536
    ],
    [
      4500,
      0.49042342425053176
    ],
    [
      5000,
      0.4978489679503204
    ],
    [
      5500,
      0.49960977359417263
    ],
    [
      6000,
      0.50493729903328
    ],
    [
      6234,
      0.508089602754794
    ]
  ],
  "val_entropy_mean": [
    [
      500,
      5.758174419403076
    ],
    [
      1000,
      4.89727783203125
    ],
    [
      1500,
      4.227336883544922
    ],
    [
      2000,
      3.926931858062744
    ],
    [
      2500,
      3.532388210296631
    ],
    [
      3000,
      3.3112905025482178
    ],
    [
      3117,
      3.209807872772217
    ],
    [
      3500,
      3.1721370220184326
    ],
    [
      4000,
      2.881662130355835
    ],
    [
      4500,
      2.907356023788452
    ],
    [
      5000,
      2.8284125328063965
    ],
    [
      5500,
      2.811473846435547
    ],
    [
      6000,
      2.757277011871338
    ],
    [
      6234,
      2.74613618850708
    ]
  ],
  "val_entropy_std": [
    [
      500,
      2.3771660327911377
    ],
    [
      1000,
      2.7354795932769775
    ],
    [
      1500,
      2.6384694576263428
    ],
    [
      2000,
      2.6270902156829834
    ],
    [
      2500,
      2.5290780067443848
    ],
    [
      3000,
      2.439208984375
    ],
    [
      3117,
      2.335606098175049
    ],
    [
      3500,
      2.3211684226989746
    ],
    [
      4000,
      2.234428882598877
    ],
    [
      4500,
      2.277447462081909
    ],
    [
      5000,
      2.233851909637451
    ],
    [
      5500,
      2.23319935798645
    ],
    [
      6000,
      2.202439069747925
    ],
    [
      6234,
      2.2212166786193848
    ]
  ],
  "val_entropy_min": [
    [
      500,
      0.1325366348028183
    ],
    [
      1000,
      0.004047985654324293
    ],
    [
      1500,
      0.000265545240836218
    ],
    [
      2000,
      3.2772444683359936e-05
    ],
    [
      2500,
      7.2850471042329445e-06
    ],
    [
      3000,
      2.12625172935077e-06
    ],
    [
      3117,
      2.455287813063478e-06
    ],
    [
      3500,
      1.1163483577547595e-06
    ],
    [
      4000,
      9.445175237488002e-07
    ],
    [
      4500,
      5.095996584714158e-07
    ],
    [
      5000,
      5.956545692242798e-07
    ],
    [
      5500,
      4.020314747776865e-07
    ],
    [
      6000,
      3.0124635941319866e-07
    ],
    [
      6234,
      3.0289226060631336e-07
    ]
  ],