{
  "val_val_loss": [
    [
      500,
      6.952686826209163
    ],
    [
      1000,
      7.14386360438307
    ],
    [
      1500,
      7.461069794253138
    ],
    [
      2000,
      7.893691497753671
    ],
    [
      2500,
      8.281647038229792
    ],
    [
      3000,
      8.629106491095
    ],
    [
      3500,
      9.06310445840719
    ],
    [
      4000,
      9.440755918324951
    ],
    [
      4500,
      9.663978354187257
    ],
    [
      5000,
      9.967273707558487
    ],
    [
      5500,
      10.25614993687228
    ],
    [
      6000,
      10.541777337555716
    ],
    [
      6500,
      10.780209300909013
    ],
    [
      7000,
      11.055859894461188
    ],
    [
      7500,
      11.212911440858504
    ],
    [
      8000,
      11.40855211736305
    ],
    [
      8500,
      11.540615106318924
    ],
    [
      9000,
      11.707320753324453
    ],
    [
      9500,
      11.844956312762196
    ],
    [
      10000,
      11.956874880836708
    ],
    [
      10500,
      12.124829851316102
    ],
    [
      11000,
      12.245810046609959
    ],
    [
      11500,
      12.315146562447502
    ],
    [
      12000,
      12.400653467760975
    ],
    [
      12500,
      12.43989031997141
    ],
    [
      13000,
      12.503047372137235
    ],
    [
      13500,
      12.571875051210164
    ],
    [
      14000,
      12.613420632721143
    ],
    [
      14500,
      12.657533326102989
    ],
    [
      15000,
      12.686571988415489
    ],
    [
      15500,
      12.710226304584761
    ],
    [
      15617,
      12.718474782778136
    ]
  ],
  "val_perplexity": [
    [
      500,
      1045.9562588517717
    ],
    [
      1000,
      1266.3114764358415
    ],
    [
      1500,
      1739.0074427600362
    ],
    [
      2000,
      2680.3200760987424
    ],
    [
      2500,
      3950.6959736284007
    ],
    [
      3000,
      5592.079447122486
    ],
    [
      3500,
      8630.903386745333
    ],
    [
      4000,
      12591.231252499674
    ],
    [
      4500,
      15740.280681580267
    ],
    [
      5000,
      21317.28889261241
    ],
    [
      5500,
      28457.01371308671
    ],
    [
      6000,
      37864.805223236064
    ],
    [
      6500,
      48060.182225533106
    ],
    [
      7000,
      63313.88234666943
    ],
    [
      7500,
      74080.78314370733
    ],
    [
      8000,
      90088.88899152596
    ],
    [
      8500,
      102807.65624474952
    ],
    [
      9000,
      121457.62959433143
    ],
    [
      9500,
      139379.5843373587
    ],
    [
      10000,
      155885.16304685074
    ],
    [
      10500,
      184393.96306621685
    ],
    [
      11000,
      208107.4988580023
    ],
    [
      11500,
      223048.95655024864
    ],
    [
      12000,
      242960.33237955245
    ],
    [
      12500,
      252682.82370436008
    ],
    [
      13000,
      269156.25731180486
    ],
    [
      13500,
      288334.0697273011
    ],
    [
      14000,
      300565.3958438069
    ],
    [
      14500,
      314120.93250246975
    ],
    [
      15000,
      323376.31579199684
    ],
    [
      15500,
      331116.7478090215
    ],
    [
      15617,
      333859.2522775506
    ]
  ],
  "val_ece": [
    [
      500,
      0.12045261162443315
    ],
    [
      1000,
      0.18715707928320321
    ],
    [
      1500,
      0.2046311158453572
    ],
    [
      2000,
      0.23014819214118953
    ],
    [
      2500,
      0.2683006973699104
    ],
    [
      3000,
      0.27685921524954077
    ],
    [
      3500,
      0.3021017700038973
    ],
    [
      4000,
      0.31756504614840775
    ],
    [
      4500,
      0.325626465414792
    ],
    [
      5000,
      0.34713031410038964
    ],
    [
      5500,
      0.35963716618589936
    ],
    [
      6000,
      0.36717229554538705
    ],
    [
      6500,
      0.382696553955172
    ],
    [
      7000,
      0.4005800696131226
    ],
    [
      7500,
      0.4028263357768347
    ],
    [
      8000,
      0.4193854072119379
    ],
    [
      8500,
      0.4249625131842392
    ],
    [
      9000,
      0.43564710598879824
    ],
    [
      9500,
      0.44583066567243723
    ],
    [
      10000,
      0.44586655138469183
    ],
    [
      10500,
      0.45174222488516746
    ],
    [
      11000,
      0.4626864910941584
    ],
    [
      11500,
      0.4641574260678172
    ],
    [
      12000,
      0.46687319068185096
    ],
    [
      12500,
      0.47270528824389535
    ],
    [
      13000,
      0.47101364319335515
    ],
    [
      13500,
      0.47481369892543335
    ],
    [
      14000,
      0.47495816494398224
    ],
    [
      14500,
      0.4774454858669752
    ],
    [
      15000,
      0.475554789591887
    ],
    [
      15500,
      0.4784774328111181
    ],
    [
      15617,
      0.47851312332503654
    ]
  ],
  "val_brier": [
    [
      500,
      0.07961949252923016
    ],
    [
      1000,
      0.11646057156728143
    ],
    [
      1500,
      0.12419231070936859
    ],
    [
      2000,
      0.13733723867456285
    ],
    [
      2500,
      0.1616482532025955
    ],
    [
      3000,
      0.169390251334716
    ],
    [
      3500,
      0.18748367639808527
    ],
    [
      4000,
      0.19961172827602294
    ],
    [
      4500,
      0.20487877734427024
    ],
    [
      5000,
      0.22262975777167693
    ],
    [
      5500,
      0.23148292483548757
    ],
    [
      6000,
      0.2366545593211466
    ],
    [
      6500,
      0.24982523840692417
    ],
    [
      7000,
      0.26389171288145796
    ],
    [
      7500,
      0.26657773330690865
    ],
    [
      8000,
      0.2804786993059493
    ],
    [
      8500,
      0.28399917205647807
    ],
    [
      9000,
      0.2946757061751625
    ],
    [
      9500,
      0.30296121998351494
    ],
    [
      10000,
      0.3020997483830234
    ],
    [
      10500,
      0.307429067749678
    ],
    [
      11000,
      0.31779339446807875
    ],
    [
      11500,
      0.3192476354447448
    ],
    [
      12000,
      0.32118619241580687
    ],
    [
      12500,
      0.32751680672295086
    ],
    [
      13000,
      0.32479467860192196
    ],
    [
      13500,
      0.3294067051343663
    ],
    [
      14000,
      0.32953115903736385
    ],
    [
      14500,
      0.331499127809824
    ],
    [
      15000,
      0.3294844988755785
    ],
    [
      15500,
      0.3321288895727551
    ],
    [
      15617,
      0.33220156685379976
    ]
  ],