{
  "val_val_loss": [
    [
      500,
      6.967717057562334
    ],
    [
      1000,
      7.152817813836493
    ],
    [
      1500,
      7.574030095741296
    ],
    [
      2000,
      8.01514387560044
    ],
    [
      2500,
      8.422386839765444
    ],
    [
      3000,
      8.772272925974855
    ],
    [
      3500,
      9.071595909511162
    ],
    [
      4000,
      9.385931914718972
    ],
    [
      4500,
      9.732213730520758
    ],
    [
      5000,
      9.977388412929425
    ],
    [
      5500,
      10.304051673987287
    ],
    [
      6000,
      10.488263639836449
    ],
    [
      6500,
      10.689602900931305
    ],
    [
      7000,
      10.900372772891421
    ],
    [
      7500,
      11.142805541059978
    ],
    [
      8000,
      11.323060956261932
    ],
    [
      8500,
      11.461493283912683
    ],
    [
      9000,
      11.551719961135717
    ],
    [
      9500,
      11.68111158321908
    ],
    [
      10000,
      11.832340819736002
    ],
    [
      10500,
      11.944814504457824
    ],
    [
      11000,
      12.00738201723988
    ],
    [
      11500,
      12.07790740678548
    ],
    [
      12000,
      12.130242543971807
    ],
    [
      12500,
      12.269351314041776
    ],
    [
      13000,
      12.291376900749574
    ],
    [
      13500,
      12.344594492406324
    ],
    [
      14000,
      12.367025506304774
    ],
    [
      14500,
      12.409218406983895
    ],
    [
      15000,
      12.444838203724558
    ],
    [
      15500,
      12.478969473087519
    ],
    [
      15617,
      12.488945780383046
    ]
  ],
  "val_perplexity": [
    [
      500,
      1061.7959624205482
    ],
    [
      1000,
      1277.7012115658201
    ],
    [
      1500,
      1946.9709711650362
    ],
    [
      2000,
      3026.444797956652
    ],
    [
      2500,
      4547.745250437518
    ],
    [
      3000,
      6452.822596814358
    ],
    [
      3500,
      8704.504327986317
    ],
    [
      4000,
      11919.510981298889
    ],
    [
      4500,
      16851.816439272763
    ],
    [
      5000,
      21534.001131692763
    ],
    [
      5500,
      29853.33010746307
    ],
    [
      6000,
      35891.78218713372
    ],
    [
      6500,
      43897.07204965257
    ],
    [
      7000,
      54196.56304110937
    ],
    [
      7500,
      69065.15000422642
    ],
    [
      8000,
      82707.11872955615
    ],
    [
      8500,
      94986.80668255962
    ],
    [
      9000,
      103955.68287829551
    ],
    [
      9500,
      118315.67972280215
    ],
    [
      10000,
      137632.28684638118
    ],
    [
      10500,
      154016.42082696076
    ],
    [
      11000,
      163960.69562171423
    ],
    [
      11500,
      175941.60105755736
    ],
    [
      12000,
      185394.7369131625
    ],
    [
      12500,
      213064.73400643768
    ],
    [
      13000,
      217809.67298908933
    ],
    [
      13500,
      229714.95481338404
    ],
    [
      14000,
      234925.91927589403
    ],
    [
      14500,
      245050.2099212415
    ],
    [
      15000,
      253936.16708415785
    ],
    [
      15500,
      262752.9387039551
    ],
    [
      15617,
      265387.36182096426
    ]
  ],
  "val_ece": [
    [
      500,
      0.10690400627417693
    ],
    [
      1000,
      0.17237579671767947
    ],
    [
      1500,
      0.2032620022969404
    ],
    [
      2000,
      0.21843638234209622
    ],
    [
      2500,
      0.24428291836205163
    ],
    [
      3000,
      0.2447014410721728
    ],
    [
      3500,
      0.27308087384375945
    ],
    [
      4000,
      0.2875804297313598
    ],
    [
      4500,
      0.3014746133291399
    ],
    [
      5000,
      0.317666116991925
    ],
    [
      5500,
      0.3294085309187151
    ],
    [
      6000,
      0.34790277756276233
    ],
    [
      6500,
      0.3545222388820534
    ],
    [
      7000,
      0.3780066187532807
    ],
    [
      7500,
      0.38783870023308525
    ],
    [
      8000,
      0.395603207437496
    ],
    [
      8500,
      0.39775228368913573
    ],
    [
      9000,
      0.4106776856705801
    ],
    [
      9500,
      0.41715284914018946
    ],
    [
      10000,
      0.4240761794471328
    ],
    [
      10500,
      0.42864308235419873
    ],
    [
      11000,
      0.43387940732556907
    ],
    [
      11500,
      0.43983023359032225
    ],
    [
      12000,
      0.43641234290456654
    ],
    [
      12500,
      0.4450234164209304
    ],
    [
      13000,
      0.44642678445051415
    ],
    [
      13500,
      0.44765593574823104
    ],
    [
      14000,
      0.45273630723269853
    ],
    [
      14500,
      0.4537269470685709
    ],
    [
      15000,
      0.45244509212146894
    ],
    [
      15500,
      0.4541635706142366
    ],
    [
      15617,
      0.45668842832067413
    ]
  ],
  "val_brier": [
    [
      500,
      0.07679546647670482
    ],
    [
      1000,
      0.1077493852706288
    ],
    [
      1500,
      0.1264729847002136
    ],
    [
      2000,
      0.1371657499344151
    ],
    [
      2500,
      0.15772846908853
    ],
    [
      3000,
      0.15600515110630864
    ],
    [
      3500,
      0.17405098103210528
    ],
    [
      4000,
      0.18610670405754898
    ],
    [
      4500,
      0.19486212980442963
    ],
    [
      5000,
      0.20633579376544567
    ],
    [
      5500,
      0.21403369446786596
    ],
    [
      6000,
      0.22850554221391584
    ],
    [
      6500,
      0.23235735890915857
    ],
    [
      7000,
      0.25090695199281765
    ],
    [
      7500,
      0.2591814074709132
    ],
    [
      8000,
      0.26528039837333967
    ],
    [
      8500,
      0.26656200849507344
    ],
    [
      9000,
      0.27728996249964993
    ],
    [
      9500,
      0.2818590997425288
    ],
    [
      10000,
      0.2881258723576728
    ],
    [
      10500,
      0.2923713531221824
    ],
    [
      11000,
      0.2963883491864302
    ],
    [
      11500,
      0.30142102044986746
    ],
    [
      12000,
      0.2980435645245395
    ],
    [
      12500,
      0.3064129149613999
    ],
    [
      13000,
      0.3070617861135382
    ],
    [
      13500,
      0.30800957216604474
    ],
    [
      14000,
      0.31310012187817676
    ],
    [
      14500,
      0.3140022075000268
    ],
    [
      15000,
      0.3120882856817573
    ],
    [
      15500,
      0.3137696793003234
    ],
    [
      15617,
      0.31593484471180927
    ]
  ],