{
  "val_val_loss": [
    [
      500,
      8.125529984958836
    ],
    [
      1000,
      9.104415579311183
    ],
    [
      1500,
      9.864303882786485
    ],
    [
      2000,
      10.534531746536004
    ],
    [
      2500,
      10.968897522472945
    ],
    [
      3000,
      11.364762515709048
    ],
    [
      3117,
      11.337434721774743
    ],
    [
      3500,
      11.481511244226674
    ],
    [
      4000,
      11.622581844642514
    ],
    [
      4500,
      11.803200340270996
    ],
    [
      5000,
      11.921977559074026
    ],
    [
      5500,
      12.021956284319769
    ],
    [
      6000,
      12.064389144397174
    ],
    [
      6234,
      12.109664669974906
    ]
  ],
  "val_perplexity": [
    [
      500,
      3379.6586253487003
    ],
    [
      1000,
      8994.922939504408
    ],
    [
      1500,
      19231.48161711065
    ],
    [
      2000,
      37591.44385879388
    ],
    [
      2500,
      58040.5696929545
    ],
    [
      3000,
      86229.05938782591
    ],
    [
      3117,
      83904.5164014578
    ],
    [
      3500,
      96907.40793425454
    ],
    [
      4000,
      111589.45605171597
    ],
    [
      4500,
      133679.48894256688
    ],
    [
      5000,
      150539.01403931645
    ],
    [
      5500,
      166367.80088030355
    ],
    [
      6000,
      173579.18021812747
    ],
    [
      6234,
      181618.69211024925
    ]
  ],
  "val_ece": [
    [
      500,
      0.22951946871660767
    ],
    [
      1000,
      0.2954024105420353
    ],
    [
      1500,
      0.3412896276947645
    ],
    [
      2000,
      0.38913349437448075
    ],
    [
      2500,
      0.4109282244994137
    ],
    [
      3000,
      0.44093371272848614
    ],
    [
      3117,
      0.43215506107329693
    ],
    [
      3500,
      0.43658264455709095
    ],
    [
      4000,
      0.44369438508294395
    ],
    [
      4500,
      0.4522877423565318
    ],
    [
      5000,
      0.4560261249147629
    ],
    [
      5500,
      0.4643731922741339
    ],
    [
      6000,
      0.4644562996602324
    ],
    [
      6234,
      0.4681760341067849
    ]
  ],
  "val_brier": [
    [
      500,
      0.13901499793901181
    ],
    [
      1000,
      0.1951214528456207
    ],
    [
      1500,
      0.2314180820947078
    ],
    [
      2000,
      0.2696832873020624
    ],
    [
      2500,
      0.29158342049970304
    ],
    [
      3000,
      0.3169434753255436
    ],
    [
      3117,
      0.3075795255873699
    ],
    [
      3500,
      0.31296468640643116
    ],
    [
      4000,
      0.32019552947654756
    ],
    [
      4500,
      0.3283465844969273
    ],
    [
      5000,
      0.33289982606784807
    ],
    [
      5500,
      0.34037688237661856
    ],
    [
      6000,
      0.34015175737181924
    ],
    [
      6234,
      0.34419219625205966
    ]
  ],
  "val_mean_confidence": [
    [
      500,
      0.2584238746330691
    ],
    [
      1000,
      0.3151846162583736
    ],
    [
      1500,
      0.3576711028333113
    ],
    [
      2000,
      0.40497577552185354
    ],
    [
      2500,
      0.42585127009157303
    ],
    [
      3000,
      0.4560167125232316
    ],
    [
      3117,
      0.4469786865094628
    ],
    [
      3500,
      0.4517478263356214
    ],
    [
      4000,
      0.4600004933290441
    ],
    [
      4500,
      0.46746334721593247
    ],
    [
      5000,
      0.4716852003714543
    ],
    [
      5500,
      0.47959129123246713
    ],
    [
      6000,
      0.4799622360056757
    ],
    [
      6234,
      0.483452662673082
    ]
  ],
  "val_mean_accuracy": [
    [
      500,
      0.02890440591646141
    ],
    [
      1000,
      0.01978220571633826
    ],
    [
      1500,
      0.0163814751385468
    ],
    [
      2000,
      0.015842281147372742
    ],
    [
      2500,
      0.014923045592159278
    ],
    [
      3000,
      0.015082999794745484
    ],
    [
      3117,
      0.014823625436165846
    ],
    [
      3500,
      0.015165181778530377
    ],
    [
      4000,
      0.016306108246100164
    ],
    [
      4500,
      0.015175604859400657
    ],
    [
      5000,
      0.015659075456691297
    ],
    [
      5500,
      0.015218098958333334
    ],
    [
      6000,
      0.015505936345443349
    ],
    [
      6234,
      0.01527662856629721
    ]
  ],
  "val_overconfidence": [
    [
      500,
      0.2295194687166077
    ],
    [
      1000,
      0.2954024105420353
    ],
    [
      1500,
      0.3412896276947645
    ],
    [
      2000,
      0.3891334943744808
    ],
    [
      2500,
      0.41092822449941374
    ],
    [
      3000,
      0.44093371272848614
    ],
    [
      3117,
      0.432155061073297
    ],
    [
      3500,
      0.436582644557091
    ],
    [
      4000,
      0.4436943850829439
    ],
    [
      4500,
      0.4522877423565318
    ],
    [
      5000,
      0.45602612491476296
    ],
    [
      5500,
      0.4643731922741338
    ],
    [
      6000,
      0.4644562996602324
    ],
    [
      6234,
      0.4681760341067848
    ]
  ],
  "val_entropy_mean": [
    [
      500,
      5.709420204162598
    ],
    [
      1000,
      4.9633612632751465
    ],
    [
      1500,
      4.425716876983643
    ],
    [
      2000,
      3.8326096534729004
    ],
    [
      2500,
      3.656831741333008
    ],
    [
      3000,
      3.3116090297698975
    ],
    [
      3117,
      3.362788200378418
    ],
    [
      3500,
      3.3309381008148193
    ],
    [
      4000,
      3.230825424194336
    ],
    [
      4500,
      3.146318197250366
    ],
    [
      5000,
      3.1109883785247803
    ],
    [
      5500,
      3.0497100353240967
    ],
    [
      6000,
      3.0370430946350098
    ],
    [
      6234,
      3.0081942081451416
    ]
  ],
  "val_entropy_std": [
    [
      500,
      2.380289316177368
    ],
    [
      1000,
      2.595458984375
    ],
    [
      1500,
      2.589266300201416
    ],
    [
      2000,
      2.46683669090271
    ],
    [
      2500,
      2.4981484413146973
    ],
    [
      3000,
      2.3735342025756836
    ],
    [
      3117,
      2.3422434329986572
    ],
    [
      3500,
      2.328303098678589
    ],
    [
      4000,
      2.308560371398926
    ],
    [
      4500,
      2.278184175491333
    ],
    [
      5000,
      2.2823007106781006
    ],
    [
      5500,
      2.26818585395813
    ],
    [
      6000,
      2.261291027069092
    ],
    [
      6234,
      2.25589919090271
    ]
  ],
  "val_entropy_min": [
    [
      500,
      0.12595883011817932
    ],
    [
      1000,
      0.00578661821782589
    ],
    [
      1500,
      0.0004337473073974252
    ],
    [
      2000,
      6.247995042940602e-05
    ],
    [
      2500,
      1.0542716154304799e-05
    ],
    [
      3000,
      2.3907298327685567e-06
    ],
    [
      3117,
      2.1164150894037448e-06
    ],
    [
      3500,
      1.354443497803004e-06
    ],
    [
      4000,
      5.343175075722684e-07
    ],
    [
      4500,
      2.7142954195369384e-07
    ],
    [
      5000,
      2.1283253204273933e-07
    ],
    [
      5500,
      1.738194015388217e-07
    ],
    [
      6000,
      1.2963866424797743e-07
    ],
    [
      6234,
      1.1393277077331732e-07
    ]
  ],