{
  "val_val_loss": [
    [
      500,
      6.9872042977924895
    ],
    [
      1000,
      7.141860969580255
    ],
    [
      1500,
      7.5116975637110865
    ],
    [
      2000,
      7.986758125096656
    ],
    [
      2500,
      8.331682704729282
    ],
    [
      3000,
      8.711800397400687
    ],
    [
      3500,
      9.10219278642219
    ],
    [
      4000,
      9.405210820194993
    ],
    [
      4500,
      9.692624015746777
    ],
    [
      5000,
      10.008368031081663
    ],
    [
      5500,
      10.2678486974293
    ],
    [
      6000,
      10.514544876748726
    ],
    [
      6500,
      10.762681523779964
    ],
    [
      7000,
      11.005022693676963
    ],
    [
      7500,
      11.182206341538015
    ],
    [
      8000,
      11.400926211102599
    ],
    [
      8500,
      11.538111013308216
    ],
    [
      9000,
      11.710984131454271
    ],
    [
      9500,
      11.857863982774054
    ],
    [
      10000,
      11.977659225923839
    ],
    [
      10500,
      12.059726104705664
    ],
    [
      11000,
      12.230902416836411
    ],
    [
      11500,
      12.285215735052176
    ],
    [
      12000,
      12.320947475831991
    ],
    [
      12500,
      12.430682151647243
    ],
    [
      13000,
      12.469105968291354
    ],
    [
      13500,
      12.52424671734261
    ],
    [
      14000,
      12.556869464211909
    ],
    [
      14500,
      12.597831304126997
    ],
    [
      15000,
      12.608214431866955
    ],
    [
      15500,
      12.688993267384372
    ],
    [
      15617,
      12.663087815103808
    ]
  ],
  "val_perplexity": [
    [
      500,
      1082.6903612797767
    ],
    [
      1000,
      1263.7780546079878
    ],
    [
      1500,
      1829.316289465543
    ],
    [
      2000,
      2941.744715894008
    ],
    [
      2500,
      4153.400622264109
    ],
    [
      3000,
      6074.16856674179
    ],
    [
      3500,
      8974.951293396916
    ],
    [
      4000,
      12151.53550984977
    ],
    [
      4500,
      16197.691575811528
    ],
    [
      5000,
      22211.557290824192
    ],
    [
      5500,
      28791.880446375355
    ],
    [
      6000,
      36847.56721129461
    ],
    [
      6500,
      47225.13371353853
    ],
    [
      7000,
      60175.627690244655
    ],
    [
      7500,
      71840.69243762635
    ],
    [
      8000,
      89404.4924575967
    ],
    [
      8500,
      102550.53836919166
    ],
    [
      9000,
      121903.39081571955
    ],
    [
      9500,
      141190.3110095071
    ],
    [
      10000,
      159159.038896616
    ],
    [
      10500,
      172771.6578288531
    ],
    [
      11000,
      205028.11946512328
    ],
    [
      11500,
      216471.83704977078
    ],
    [
      12000,
      224346.6043600883
    ],
    [
      12500,
      250366.75745996402
    ],
    [
      13000,
      260174.01336240952
    ],
    [
      13500,
      274923.1044436031
    ],
    [
      14000,
      284039.7477486982
    ],
    [
      14500,
      295916.11685098417
    ],
    [
      15000,
      299004.65830503224
    ],
    [
      15500,
      324160.2487416512
    ],
    [
      15617,
      315870.5684353916
    ]
  ],
  "val_ece": [
    [
      500,
      0.1043023738425124
    ],
    [
      1000,
      0.15379996584649955
    ],
    [
      1500,
      0.18543627515679068
    ],
    [
      2000,
      0.20945503169847826
    ],
    [
      2500,
      0.23729569718435267
    ],
    [
      3000,
      0.2581921729211643
    ],
    [
      3500,
      0.2654377100634829
    ],
    [
      4000,
      0.28216577811182625
    ],
    [
      4500,
      0.30895118611315897
    ],
    [
      5000,
      0.3074778435847191
    ],
    [
      5500,
      0.33050349777174065
    ],
    [
      6000,
      0.3439359327034241
    ],
    [
      6500,
      0.35562988303831866
    ],
    [
      7000,
      0.3647563813447294
    ],
    [
      7500,
      0.38283441061088125
    ],
    [
      8000,
      0.39075784355431464
    ],
    [
      8500,
      0.40320382978716046
    ],
    [
      9000,
      0.4104283463783588
    ],
    [
      9500,
      0.4183350119721227
    ],
    [
      10000,
      0.42705585987198413
    ],
    [
      10500,
      0.42942022041645156
    ],
    [
      11000,
      0.4438741924884364
    ],
    [
      11500,
      0.44373111034392676
    ],
    [
      12000,
      0.4447444865044792
    ],
    [
      12500,
      0.4498291054998179
    ],
    [
      13000,
      0.45138721624688005
    ],
    [
      13500,
      0.4557506361050681
    ],
    [
      14000,
      0.46116428832788253
    ],
    [
      14500,
      0.46000909099780685
    ],
    [
      15000,
      0.46174191631572203
    ],
    [
      15500,
      0.461928037794406
    ],
    [
      15617,
      0.46323373286720765
    ]
  ],
  "val_brier": [
    [
      500,
      0.07299938335291253
    ],
    [
      1000,
      0.09818112300528738
    ],
    [
      1500,
      0.11770311895052041
    ],
    [
      2000,
      0.13613114978902582
    ],
    [
      2500,
      0.15176684327884415
    ],
    [
      3000,
      0.16641860311050308
    ],
    [
      3500,
      0.17152171060946042
    ],
    [
      4000,
      0.1842652860062019
    ],
    [
      4500,
      0.20357014461495662
    ],
    [
      5000,
      0.20220836307757933
    ],
    [
      5500,
      0.21921410541465378
    ],
    [
      6000,
      0.2279256050447853
    ],
    [
      6500,
      0.2367030449648157
    ],
    [
      7000,
      0.2414962121170456
    ],
    [
      7500,
      0.2562223925230572
    ],
    [
      8000,
      0.26130700436068355
    ],
    [
      8500,
      0.2718513770727658
    ],
    [
      9000,
      0.2780425800375614
    ],
    [
      9500,
      0.28434382156811405
    ],
    [
      10000,
      0.29119274105563026
    ],
    [
      10500,
      0.29310613594337565
    ],
    [
      11000,
      0.30574365728031483
    ],
    [
      11500,
      0.3054833961854296
    ],
    [
      12000,
      0.3065874270337292
    ],
    [
      12500,
      0.30986598855073094
    ],
    [
      13000,
      0.3114011993096055
    ],
    [
      13500,
      0.31561264029525127
    ],
    [
      14000,
      0.3211848770566555
    ],
    [
      14500,
      0.3190639569934951
    ],
    [
      15000,
      0.32095481388708086
    ],
    [
      15500,
      0.3209930363455728
    ],
    [
      15617,
      0.32215757328181693
    ]
  ],