{
  "val_val_loss": [
    [
      500,
      6.971831031627594
    ],
    [
      1000,
      7.152842931348794
    ],
    [
      1500,
      7.584475156348618
    ],
    [
      2000,
      8.001954661304927
    ],
    [
      2500,
      8.407064872692636
    ],
    [
      3000,
      8.776370423859722
    ],
    [
      3500,
      9.068933646088627
    ],
    [
      4000,
      9.378479332632574
    ],
    [
      4500,
      9.722564684079774
    ],
    [
      5000,
      10.017175174756066
    ],
    [
      5500,
      10.202367022873121
    ],
    [
      6000,
      10.4899370717849
    ],
    [
      6500,
      10.750061831366978
    ],
    [
      7000,
      10.964719229572456
    ],
    [
      7500,
      11.174154199127983
    ],
    [
      8000,
      11.316883867269928
    ],
    [
      8500,
      11.451952268992972
    ],
    [
      9000,
      11.581276865404135
    ],
    [
      9500,
      11.778451750439462
    ],
    [
      10000,
      11.887788834525841
    ],
    [
      10500,
      11.973473719385275
    ],
    [
      11000,
      12.035155996402361
    ],
    [
      11500,
      12.106075797740287
    ],
    [
      12000,
      12.187018905038618
    ],
    [
      12500,
      12.309568811459556
    ],
    [
      13000,
      12.34572276394467
    ],
    [
      13500,
      12.374990061548361
    ],
    [
      14000,
      12.424642061803885
    ],
    [
      14500,
      12.469822347892443
    ],
    [
      15000,
      12.501612807700106
    ],
    [
      15500,
      12.540947461818192
    ],
    [
      15617,
      12.54361237590336
    ]
  ],
  "val_perplexity": [
    [
      500,
      1066.173161139956
    ],
    [
      1000,
      1277.7333046447663
    ],
    [
      1500,
      1967.4137782815665
    ],
    [
      2000,
      2986.79044865712
    ],
    [
      2500,
      4478.595951893396
    ],
    [
      3000,
      6479.317267615692
    ],
    [
      3500,
      8681.36146437131
    ],
    [
      4000,
      11831.010037175161
    ],
    [
      4500,
      16689.99444930571
    ],
    [
      5000,
      22408.041629982312
    ],
    [
      5500,
      26966.941957144143
    ],
    [
      6000,
      35951.89492539268
    ],
    [
      6500,
      46632.9117410637
    ],
    [
      7000,
      57798.565127723334
    ],
    [
      7500,
      71264.54368018171
    ],
    [
      8000,
      82197.80415707872
    ],
    [
      8500,
      94084.84579614995
    ],
    [
      9000,
      107074.15014059201
    ],
    [
      9500,
      130411.71331025472
    ],
    [
      10000,
      145479.2632074825
    ],
    [
      10500,
      158494.26986668087
    ],
    [
      11000,
      168578.36526252885
    ],
    [
      11500,
      180968.05405562298
    ],
    [
      12000,
      196225.3269196785
    ],
    [
      12500,
      221808.30824266587
    ],
    [
      13000,
      229974.28192702273
    ],
    [
      13500,
      236804.4707211518
    ],
    [
      14000,
      248859.0775957145
    ],
    [
      14500,
      260360.46349487768
    ],
    [
      15000,
      268770.41214308474
    ],
    [
      15500,
      279553.0793617987
    ],
    [
      15617,
      280299.05784334295
    ]
  ],
  "val_ece": [
    [
      500,
      0.10630632989110154
    ],
    [
      1000,
      0.17383956386805532
    ],
    [
      1500,
      0.19680735948851963
    ],
    [
      2000,
      0.216480281332308
    ],
    [
      2500,
      0.23890859496048777
    ],
    [
      3000,
      0.24515978299288874
    ],
    [
      3500,
      0.2596958568980929
    ],
    [
      4000,
      0.27349301990270636
    ],
    [
      4500,
      0.2829458693004051
    ],
    [
      5000,
      0.31469260141574446
    ],
    [
      5500,
      0.3203187327850422
    ],
    [
      6000,
      0.3315435801469041
    ],
    [
      6500,
      0.3467601248547834
    ],
    [
      7000,
      0.36451734913160727
    ],
    [
      7500,
      0.3745928144469181
    ],
    [
      8000,
      0.38956448558261403
    ],
    [
      8500,
      0.3871688232999637
    ],
    [
      9000,
      0.4049410415499061
    ],
    [
      9500,
      0.414560418701286
    ],
    [
      10000,
      0.4199672742375328
    ],
    [
      10500,
      0.42162948245217746
    ],
    [
      11000,
      0.4279949332043924
    ],
    [
      11500,
      0.43494272028875297
    ],
    [
      12000,
      0.4333821595692699
    ],
    [
      12500,
      0.441021463477007
    ],
    [
      13000,
      0.44054713152860153
    ],
    [
      13500,
      0.44609938247254155
    ],
    [
      14000,
      0.4512627163679934
    ],
    [
      14500,
      0.450028080838235
    ],
    [
      15000,
      0.4532263392941422
    ],
    [
      15500,
      0.4502329821143167
    ],
    [
      15617,
      0.4532711610952598
    ]
  ],
  "val_brier": [
    [
      500,
      0.07599671171116082
    ],
    [
      1000,
      0.10783054895832218
    ],
    [
      1500,
      0.12192015571155423
    ],
    [
      2000,
      0.1359866970315799
    ],
    [
      2500,
      0.15403852229170797
    ],
    [
      3000,
      0.1579415063686642
    ],
    [
      3500,
      0.16744509843594335
    ],
    [
      4000,
      0.17700622406630478
    ],
    [
      4500,
      0.18354852881326955
    ],
    [
      5000,
      0.20647278393339816
    ],
    [
      5500,
      0.20927135748362904
    ],
    [
      6000,
      0.21650369087929547
    ],
    [
      6500,
      0.2293248658601784
    ],
    [
      7000,
      0.24198781853541967
    ],
    [
      7500,
      0.24987987338487963
    ],
    [
      8000,
      0.26205025833856044
    ],
    [
      8500,
      0.25943945853382155
    ],
    [
      9000,
      0.2731276995363631
    ],
    [
      9500,
      0.2824007800013397
    ],
    [
      10000,
      0.2865591302486649
    ],
    [
      10500,
      0.2866246311450016
    ],
    [
      11000,
      0.29246507032048835
    ],
    [
      11500,
      0.2982725610432318
    ],
    [
      12000,
      0.2964215062977268
    ],
    [
      12500,
      0.3037528325023169
    ],
    [
      13000,
      0.30318994527575427
    ],
    [
      13500,
      0.308318963116899
    ],
    [
      14000,
      0.31258320683165364
    ],
    [
      14500,
      0.31186664284131765
    ],
    [
      15000,
      0.31443722940144786
    ],
    [
      15500,
      0.3115511197154927
    ],
    [
      15617,
      0.31463876646043343
    ]
  ],