{
  "val_val_loss": [
    [
      500,
      8.174463398730168
    ],
    [
      1000,
      9.33272060019071
    ],
    [
      1500,
      10.196314342686387
    ],
    [
      2000,
      10.862856439684258
    ],
    [
      2500,
      11.300930098236584
    ],
    [
      3000,
      11.638349433023421
    ],
    [
      3117,
      11.668617010898277
    ],
    [
      3500,
      11.876883303532836
    ],
    [
      4000,
      12.165311269291111
    ],
    [
      4500,
      12.210424460739386
    ],
    [
      5000,
      12.40353253786681
    ],
    [
      5500,
      12.430370946790351
    ],
    [
      6000,
      12.444321879402535
    ],
    [
      6234,
      12.469560022823146
    ]
  ],
  "val_perplexity": [
    [
      500,
      3549.149934518002
    ],
    [
      1000,
      11301.837478418944
    ],
    [
      1500,
      26804.212652879047
    ],
    [
      2000,
      52200.97436455977
    ],
    [
      2500,
      80896.84457240993
    ],
    [
      3000,
      113362.89736659454
    ],
    [
      3117,
      116846.57294857563
    ],
    [
      3500,
      143901.35419996842
    ],
    [
      4000,
      192011.6390627554
    ],
    [
      4500,
      200872.25962159413
    ],
    [
      5000,
      243660.84013099514
    ],
    [
      5500,
      250288.85423159838
    ],
    [
      6000,
      253805.08750754988
    ],
    [
      6234,
      260292.17337574592
    ]
  ],
  "val_ece": [
    [
      500,
      0.22029965866216858
    ],
    [
      1000,
      0.3177415186138256
    ],
    [
      1500,
      0.37066401776876606
    ],
    [
      2000,
      0.3877191350224798
    ],
    [
      2500,
      0.41331375031092743
    ],
    [
      3000,
      0.4352201729278626
    ],
    [
      3117,
      0.4393551410802008
    ],
    [
      3500,
      0.44036070770980734
    ],
    [
      4000,
      0.4654594281236319
    ],
    [
      4500,
      0.4675352548434002
    ],
    [
      5000,
      0.4726156206391102
    ],
    [
      5500,
      0.47384446788183376
    ],
    [
      6000,
      0.4705804903526102
    ],
    [
      6234,
      0.4690653021961765
    ]
  ],
  "val_brier": [
    [
      500,
      0.1296789638032372
    ],
    [
      1000,
      0.21725984299049667
    ],
    [
      1500,
      0.2645995457025826
    ],
    [
      2000,
      0.27978861785694775
    ],
    [
      2500,
      0.3022394488344614
    ],
    [
      3000,
      0.3228291798833904
    ],
    [
      3117,
      0.3232298777906855
    ],
    [
      3500,
      0.32410661283355335
    ],
    [
      4000,
      0.3502177975956402
    ],
    [
      4500,
      0.3490183642974534
    ],
    [
      5000,
      0.3540691751062546
    ],
    [
      5500,
      0.3566743790851529
    ],
    [
      6000,
      0.35348325028695904
    ],
    [
      6234,
      0.3513908235338582
    ]
  ],
  "val_mean_confidence": [
    [
      500,
      0.2447297566711999
    ],
    [
      1000,
      0.3364301026142361
    ],
    [
      1500,
      0.3873794323828876
    ],
    [
      2000,
      0.4028987487591383
    ],
    [
      2500,
      0.42744343909376814
    ],
    [
      3000,
      0.4500325735077066
    ],
    [
      3117,
      0.4542749795705538
    ],
    [
      3500,
      0.4548115075609978
    ],
    [
      4000,
      0.4815458498960047
    ],
    [
      4500,
      0.4821893047715611
    ],
    [
      5000,
      0.48715541756542385
    ],
    [
      5500,
      0.48991886302243315
    ],
    [
      6000,
      0.48604272993594344
    ],
    [
      6234,
      0.4842954277862832
    ]
  ],
  "val_mean_accuracy": [
    [
      500,
      0.0244300980090312
    ],
    [
      1000,
      0.01868858400041051
    ],
    [
      1500,
      0.016715414614121512
    ],
    [
      2000,
      0.015179613736658456
    ],
    [
      2500,
      0.014129688782840722
    ],
    [
      3000,
      0.014812400579844006
    ],
    [
      3117,
      0.014919838490353037
    ],
    [
      3500,
      0.014450799851190476
    ],
    [
      4000,
      0.016086421772372742
    ],
    [
      4500,
      0.01465404992816092
    ],
    [
      5000,
      0.014539796926313629
    ],
    [
      5500,
      0.016074395140599343
    ],
    [
      6000,
      0.015462239583333334
    ],
    [
      6234,
      0.015230125590106733
    ]
  ],
  "val_overconfidence": [
    [
      500,
      0.2202996586621687
    ],
    [
      1000,
      0.3177415186138256
    ],
    [
      1500,
      0.37066401776876606
    ],
    [
      2000,
      0.38771913502247984
    ],
    [
      2500,
      0.41331375031092743
    ],
    [
      3000,
      0.4352201729278626
    ],
    [
      3117,
      0.43935514108020074
    ],
    [
      3500,
      0.44036070770980734
    ],
    [
      4000,
      0.46545942812363195
    ],
    [
      4500,
      0.46753525484340014
    ],
    [
      5000,
      0.4726156206391102
    ],
    [
      5500,
      0.4738444678818338
    ],
    [
      6000,
      0.4705804903526101
    ],
    [
      6234,
      0.4690653021961765
    ]
  ],
  "val_entropy_mean": [
    [
      500,
      5.963865756988525
    ],
    [
      1000,
      4.945152759552002
    ],
    [
      1500,
      4.289088726043701
    ],
    [
      2000,
      4.063947677612305
    ],
    [
      2500,
      3.7585132122039795
    ],
    [
      3000,
      3.4914278984069824
    ],
    [
      3117,
      3.404245615005493
    ],
    [
      3500,
      3.3716578483581543
    ],
    [
      4000,
      3.126192331314087
    ],
    [
      4500,
      3.080256223678589
    ],
    [
      5000,
      3.030062675476074
    ],
    [
      5500,
      3.0130417346954346
    ],
    [
      6000,
      3.0315585136413574
    ],
    [
      6234,
      3.0401694774627686
    ]
  ],
  "val_entropy_std": [
    [
      500,
      2.4582178592681885
    ],
    [
      1000,
      2.8287622928619385
    ],
    [
      1500,
      2.7937326431274414
    ],
    [
      2000,
      2.723444700241089
    ],
    [
      2500,
      2.635648727416992
    ],
    [
      3000,
      2.5729928016662598
    ],
    [
      3117,
      2.5109729766845703
    ],
    [
      3500,
      2.4686169624328613
    ],
    [
      4000,
      2.429145574569702
    ],
    [
      4500,
      2.3668839931488037
    ],
    [
      5000,
      2.354353904724121
    ],
    [
      5500,
      2.3534536361694336
    ],
    [
      6000,
      2.340972661972046
    ],
    [
      6234,
      2.3411452770233154
    ]
  ],
  "val_entropy_min": [
    [
      500,
      0.11818702518939972
    ],
    [
      1000,
      0.004407581873238087
    ],
    [
      1500,
      0.0003856085240840912
    ],
    [
      2000,
      6.868170748930424e-05
    ],
    [
      2500,
      1.1366831131454092e-05
    ],
    [
      3000,
      5.419211447588168e-06
    ],
    [
      3117,
      3.2272323551296722e-06
    ],
    [
      3500,
      2.445202426315518e-06
    ],
    [
      4000,
      9.888198064800235e-07
    ],
    [
      4500,
      5.412885002442636e-07
    ],
    [
      5000,
      4.3272055449961044e-07
    ],
    [
      5500,
      3.071395724418835e-07
    ],
    [
      6000,
      3.216704271835624e-07
    ],
    [
      6234,
      2.4646845986353583e-07
    ]
  ],