{
  "val_val_loss": [
    [
      500,
      8.162132843205185
    ],
    [
      1000,
      9.328982404802666
    ],
    [
      1500,
      10.102596736345134
    ],
    [
      2000,
      10.718487542574524
    ],
    [
      2500,
      11.137229419145427
    ],
    [
      3000,
      11.450962329301678
    ],
    [
      3117,
      11.489904553772973
    ],
    [
      3500,
      11.604839909662966
    ],
    [
      4000,
      11.893734850648974
    ],
    [
      4500,
      12.065955709238521
    ],
    [
      5000,
      12.156356273713659
    ],
    [
      5500,
      12.213457345180824
    ],
    [
      6000,
      12.279730352808217
    ],
    [
      6234,
      12.293372964077308
    ]
  ],
  "val_perplexity": [
    [
      500,
      3505.6556496120797
    ],
    [
      1000,
      11259.667869905594
    ],
    [
      1500,
      24406.303945756263
    ],
    [
      2000,
      45183.51299689375
    ],
    [
      2500,
      68681.10604083007
    ],
    [
      3000,
      93991.75355839997
    ],
    [
      3117,
      97724.20482583753
    ],
    [
      3500,
      109627.10262640138
    ],
    [
      4000,
      146346.86207435164
    ],
    [
      4500,
      173851.3163628506
    ],
    [
      5000,
      190299.85164777603
    ],
    [
      5500,
      201482.40675769767
    ],
    [
      6000,
      215287.65708764203
    ],
    [
      6234,
      218244.8690847573
    ]
  ],
  "val_ece": [
    [
      500,
      0.21729221346950076
    ],
    [
      1000,
      0.3033820405431998
    ],
    [
      1500,
      0.3246487537101205
    ],
    [
      2000,
      0.3722221176181474
    ],
    [
      2500,
      0.3955525663366401
    ],
    [
      3000,
      0.4137109144796457
    ],
    [
      3117,
      0.4138578167484085
    ],
    [
      3500,
      0.4181140458979509
    ],
    [
      4000,
      0.44015255378550455
    ],
    [
      4500,
      0.45084760597663237
    ],
    [
      5000,
      0.4467515862935079
    ],
    [
      5500,
      0.4497182280958782
    ],
    [
      6000,
      0.45673349939227836
    ],
    [
      6234,
      0.45401818157592366
    ]
  ],
  "val_brier": [
    [
      500,
      0.13098671394804606
    ],
    [
      1000,
      0.20175905831424773
    ],
    [
      1500,
      0.2213667769920725
    ],
    [
      2000,
      0.2589606366867799
    ],
    [
      2500,
      0.27981572874228944
    ],
    [
      3000,
      0.29641655672089834
    ],
    [
      3117,
      0.2950562224645699
    ],
    [
      3500,
      0.29981197591431724
    ],
    [
      4000,
      0.3216831947084677
    ],
    [
      4500,
      0.33149963349073563
    ],
    [
      5000,
      0.32604404077193294
    ],
    [
      5500,
      0.33048424145409216
    ],
    [
      6000,
      0.33593327106880005
    ],
    [
      6234,
      0.33398407928823204
    ]
  ],
  "val_mean_confidence": [
    [
      500,
      0.2456297641417093
    ],
    [
      1000,
      0.321480918698988
    ],
    [
      1500,
      0.34162234001964426
    ],
    [
      2000,
      0.3885639048718419
    ],
    [
      2500,
      0.41279995896287164
    ],
    [
      3000,
      0.43056022559417767
    ],
    [
      3117,
      0.43052632749861375
    ],
    [
      3500,
      0.43455485241991315
    ],
    [
      4000,
      0.45759477784646513
    ],
    [
      4500,
      0.4670811535443664
    ],
    [
      5000,
      0.4619316009178921
    ],
    [
      5500,
      0.4657890152469455
    ],
    [
      6000,
      0.47228674048936364
    ],
    [
      6234,
      0.4696167229860222
    ]
  ],
  "val_mean_accuracy": [
    [
      500,
      0.02833755067220854
    ],
    [
      1000,
      0.018098878155788176
    ],
    [
      1500,
      0.016973586309523808
    ],
    [
      2000,
      0.016341787253694583
    ],
    [
      2500,
      0.01724739262623153
    ],
    [
      3000,
      0.016849311114532018
    ],
    [
      3117,
      0.016668510750205253
    ],
    [
      3500,
      0.016440806521962233
    ],
    [
      4000,
      0.01744222406096059
    ],
    [
      4500,
      0.01623354756773399
    ],
    [
      5000,
      0.015180014624384236
    ],
    [
      5500,
      0.016070787151067325
    ],
    [
      6000,
      0.015553241097085386
    ],
    [
      6234,
      0.015598541410098522
    ]
  ],
  "val_overconfidence": [
    [
      500,
      0.21729221346950078
    ],
    [
      1000,
      0.3033820405431998
    ],
    [
      1500,
      0.3246487537101205
    ],
    [
      2000,
      0.37222211761814733
    ],
    [
      2500,
      0.3955525663366401
    ],
    [
      3000,
      0.41371091447964564
    ],
    [
      3117,
      0.4138578167484085
    ],
    [
      3500,
      0.4181140458979509
    ],
    [
      4000,
      0.44015255378550455
    ],
    [
      4500,
      0.4508476059766324
    ],
    [
      5000,
      0.44675158629350786
    ],
    [
      5500,
      0.4497182280958782
    ],
    [
      6000,
      0.45673349939227825
    ],
    [
      6234,
      0.45401818157592366
    ]
  ],
  "val_entropy_mean": [
    [
      500,
      5.927075386047363
    ],
    [
      1000,
      4.977029323577881
    ],
    [
      1500,
      4.674549102783203
    ],
    [
      2000,
      4.083917617797852
    ],
    [
      2500,
      3.8258094787597656
    ],
    [
      3000,
      3.638295888900757
    ],
    [
      3117,
      3.6294732093811035
    ],
    [
      3500,
      3.5665833950042725
    ],
    [
      4000,
      3.3145716190338135
    ],
    [
      4500,
      3.221841335296631
    ],
    [
      5000,
      3.233630895614624
    ],
    [
      5500,
      3.212392807006836
    ],
    [
      6000,
      3.1322128772735596
    ],
    [
      6234,
      3.159398078918457
    ]
  ],
  "val_entropy_std": [
    [
      500,
      2.3943047523498535
    ],
    [
      1000,
      2.7278201580047607
    ],
    [
      1500,
      2.7173011302948
    ],
    [
      2000,
      2.634031295776367
    ],
    [
      2500,
      2.6068756580352783
    ],
    [
      3000,
      2.5716824531555176
    ],
    [
      3117,
      2.54754900932312
    ],
    [
      3500,
      2.527524948120117
    ],
    [
      4000,
      2.4289610385894775
    ],
    [
      4500,
      2.4054386615753174
    ],
    [
      5000,
      2.3855373859405518
    ],
    [
      5500,
      2.4010703563690186
    ],
    [
      6000,
      2.3592538833618164
    ],
    [
      6234,
      2.3601431846618652
    ]
  ],
  "val_entropy_min": [
    [
      500,
      0.12083694338798523
    ],
    [
      1000,
      0.006730801425874233
    ],
    [
      1500,
      0.000633243122138083
    ],
    [
      2000,
      9.54213464865461e-05
    ],
    [
      2500,
      3.310988540761173e-05
    ],
    [
      3000,
      8.784159945207648e-06
    ],
    [
      3117,
      5.8617215472622775e-06
    ],
    [
      3500,
      3.999243745056447e-06
    ],
    [
      4000,
      1.2605332813109271e-06
    ],
    [
      4500,
      8.484771001349145e-07
    ],
    [
      5000,
      1.0599544566503027e-06
    ],
    [
      5500,
      8.97205779892829e-07
    ],
    [
      6000,
      5.391863169279532e-07
    ],
    [
      6234,
      5.226065695751458e-07
    ]
  ],