{
  "val_val_loss": [
    [
      500,
      6.950308115612655
    ],
    [
      1000,
      7.149621068703016
    ],
    [
      1500,
      7.443843019736924
    ],
    [
      2000,
      7.867494638939762
    ],
    [
      2500,
      8.308271935821729
    ],
    [
      3000,
      8.650972945897141
    ],
    [
      3500,
      9.081472706258106
    ],
    [
      4000,
      9.430457191528614
    ],
    [
      4500,
      9.79070504409324
    ],
    [
      5000,
      10.092651409351557
    ],
    [
      5500,
      10.489485457779127
    ],
    [
      6000,
      10.780537383579365
    ],
    [
      6500,
      11.061422914400744
    ],
    [
      7000,
      11.216874162330505
    ],
    [
      7500,
      11.481171278478248
    ],
    [
      8000,
      11.681644501486776
    ],
    [
      8500,
      11.860669903739856
    ],
    [
      9000,
      12.037851763538226
    ],
    [
      9500,
      12.1920571954304
    ],
    [
      10000,
      12.370238267953756
    ],
    [
      10500,
      12.453824177278966
    ],
    [
      11000,
      12.540392723267484
    ],
    [
      11500,
      12.640435959058559
    ],
    [
      12000,
      12.710579888383675
    ],
    [
      12500,
      12.832703518944154
    ],
    [
      13000,
      12.847874228364018
    ],
    [
      13500,
      12.919850785479285
    ],
    [
      14000,
      12.966951148532978
    ],
    [
      14500,
      12.991293403343372
    ],
    [
      15000,
      13.043336380409658
    ],
    [
      15500,
      13.067866438224767
    ],
    [
      15617,
      13.070922213735304
    ]
  ],
  "val_perplexity": [
    [
      500,
      1043.4711884188084
    ],
    [
      1000,
      1273.6232480135661
    ],
    [
      1500,
      1709.3065137696092
    ],
    [
      2000,
      2611.0158494463985
    ],
    [
      2500,
      4057.2956549726428
    ],
    [
      3000,
      5715.705101147089
    ],
    [
      3500,
      8790.902916309376
    ],
    [
      4000,
      12462.22305216159
    ],
    [
      4500,
      17866.89867939031
    ],
    [
      5000,
      24164.77828889098
    ],
    [
      5500,
      35935.6622118466
    ],
    [
      6000,
      48075.95252529483
    ],
    [
      6500,
      63667.08024922884
    ],
    [
      7000,
      74374.92707405222
    ],
    [
      7500,
      96874.46833427333
    ],
    [
      8000,
      118378.74911380398
    ],
    [
      8500,
      141587.03619280035
    ],
    [
      9000,
      169033.4263732315
    ],
    [
      9500,
      197216.4618150217
    ],
    [
      10000,
      235681.89399273042
    ],
    [
      10500,
      256228.31392776148
    ],
    [
      11000,
      279398.04349786864
    ],
    [
      11500,
      308795.94298933796
    ],
    [
      12000,
      331233.84602739225
    ],
    [
      12500,
      374259.0631955977
    ],
    [
      13000,
      379980.1252511133
    ],
    [
      13500,
      408338.09950394166
    ],
    [
      14000,
      428031.1055890204
    ],
    [
      14500,
      438578.19702428335
    ],
    [
      15000,
      462007.4892404526
    ],
    [
      15500,
      473480.70366610953
    ],
    [
      15617,
      474929.76728405856
    ]
  ],
  "val_ece": [
    [
      500,
      0.10917225927679541
    ],
    [
      1000,
      0.16973555260013792
    ],
    [
      1500,
      0.20653092437893839
    ],
    [
      2000,
      0.23315645161316606
    ],
    [
      2500,
      0.27788785986131714
    ],
    [
      3000,
      0.28991681068571995
    ],
    [
      3500,
      0.309872971920345
    ],
    [
      4000,
      0.3200474656434609
    ],
    [
      4500,
      0.33774069834714
    ],
    [
      5000,
      0.35880576664006925
    ],
    [
      5500,
      0.37762473188701096
    ],
    [
      6000,
      0.39622505240586403
    ],
    [
      6500,
      0.40167421197228886
    ],
    [
      7000,
      0.4133656515537421
    ],
    [
      7500,
      0.42534667145814675
    ],
    [
      8000,
      0.4315984134760326
    ],
    [
      8500,
      0.44244297048009384
    ],
    [
      9000,
      0.45201150662754963
    ],
    [
      9500,
      0.45870851616160857
    ],
    [
      10000,
      0.467453962461371
    ],
    [
      10500,
      0.4709239463175341
    ],
    [
      11000,
      0.47598662017056526
    ],
    [
      11500,
      0.47859311710860664
    ],
    [
      12000,
      0.4839390737956719
    ],
    [
      12500,
      0.48878513109326793
    ],
    [
      13000,
      0.49195878292055417
    ],
    [
      13500,
      0.4896341904388376
    ],
    [
      14000,
      0.497096755094535
    ],
    [
      14500,
      0.4948817606342538
    ],
    [
      15000,
      0.4985095641120788
    ],
    [
      15500,
      0.49799515962664076
    ],
    [
      15617,
      0.4985469470707147
    ]
  ],
  "val_brier": [
    [
      500,
      0.07896243799466003
    ],
    [
      1000,
      0.10298860537583661
    ],
    [
      1500,
      0.12464745582474955
    ],
    [
      2000,
      0.14977139000445716
    ],
    [
      2500,
      0.1785487677953165
    ],
    [
      3000,
      0.18903180630855224
    ],
    [
      3500,
      0.20176728659365456
    ],
    [
      4000,
      0.21103221507179853
    ],
    [
      4500,
      0.22361366579401512
    ],
    [
      5000,
      0.23945255680670827
    ],
    [
      5500,
      0.25700026267284554
    ],
    [
      6000,
      0.2702546484986559
    ],
    [
      6500,
      0.27468553333071993
    ],
    [
      7000,
      0.2830341853219764
    ],
    [
      7500,
      0.29360445271078117
    ],
    [
      8000,
      0.2979507959280815
    ],
    [
      8500,
      0.30806597413272496
    ],
    [
      9000,
      0.3134780169460362
    ],
    [
      9500,
      0.32090698211760976
    ],
    [
      10000,
      0.32962214305762116
    ],
    [
      10500,
      0.3313191810435339
    ],
    [
      11000,
      0.33583842581383727
    ],
    [
      11500,
      0.33847608374398785
    ],
    [
      12000,
      0.34252164893988346
    ],
    [
      12500,
      0.3467898489195432
    ],
    [
      13000,
      0.350000651153135
    ],
    [
      13500,
      0.3487318404193162
    ],
    [
      14000,
      0.3553246974400443
    ],
    [
      14500,
      0.3527072228532493
    ],
    [
      15000,
      0.3570293853852593
    ],
    [
      15500,
      0.3568993198105966
    ],
    [
      15617,
      0.35661103333379435
    ]
  ],