{
  "val_val_loss": [
    [
      500,
      8.197906434731406
    ],
    [
      1000,
      9.344942830820553
    ],
    [
      1500,
      10.100843342015
    ],
    [
      2000,
      10.75596351310855
    ],
    [
      2500,
      11.139609246175798
    ],
    [
      3000,
      11.499417892831271
    ],
    [
      3117,
      11.50360924454986
    ],
    [
      3500,
      11.614539552907475
    ],
    [
      4000,
      12.001812271993668
    ],
    [
      4500,
      12.071591092719407
    ],
    [
      5000,
      12.193222346071337
    ],
    [
      5500,
      12.241416155705686
    ],
    [
      6000,
      12.29205081189265
    ],
    [
      6234,
      12.37155436218762
    ]
  ],
  "val_perplexity": [
    [
      500,
      3633.3357138297333
    ],
    [
      1000,
      11440.81874304127
    ],
    [
      1500,
      24363.547566149195
    ],
    [
      2000,
      46908.9380534038
    ],
    [
      2500,
      68844.74983819386
    ],
    [
      3000,
      98658.32457440191
    ],
    [
      3117,
      99072.70411122008
    ],
    [
      3500,
      110695.62015377628
    ],
    [
      4000,
      163050.0148010605
    ],
    [
      4500,
      174833.800937777
    ],
    [
      5000,
      197446.38262208566
    ],
    [
      5500,
      207195.10316314464
    ],
    [
      6000,
      217956.50682570873
    ],
    [
      6234,
      235992.27777679331
    ]
  ],
  "val_ece": [
    [
      500,
      0.22630899850152525
    ],
    [
      1000,
      0.31818332469240446
    ],
    [
      1500,
      0.3533410642804322
    ],
    [
      2000,
      0.3829791188190629
    ],
    [
      2500,
      0.4158323704921002
    ],
    [
      3000,
      0.448513747224505
    ],
    [
      3117,
      0.43199164372976084
    ],
    [
      3500,
      0.4391748889396804
    ],
    [
      4000,
      0.46069366881448554
    ],
    [
      4500,
      0.4692890097968169
    ],
    [
      5000,
      0.4712477583077409
    ],
    [
      5500,
      0.4737907680915259
    ],
    [
      6000,
      0.478478712798196
    ],
    [
      6234,
      0.480757846874372
    ]
  ],
  "val_brier": [
    [
      500,
      0.1349349028647908
    ],
    [
      1000,
      0.21575752620977465
    ],
    [
      1500,
      0.2518597010992946
    ],
    [
      2000,
      0.27584052062647857
    ],
    [
      2500,
      0.304959631660313
    ],
    [
      3000,
      0.33317390981739115
    ],
    [
      3117,
      0.3166562933228942
    ],
    [
      3500,
      0.32317709356899343
    ],
    [
      4000,
      0.3426286973724817
    ],
    [
      4500,
      0.3485186882067531
    ],
    [
      5000,
      0.35124947181877525
    ],
    [
      5500,
      0.3554438319279796
    ],
    [
      6000,
      0.3588816578597429
    ],
    [
      6234,
      0.3613614090478641
    ]
  ],
  "val_mean_confidence": [
    [
      500,
      0.2533801448479949
    ],
    [
      1000,
      0.3369989901018872
    ],
    [
      1500,
      0.3731890155837984
    ],
    [
      2000,
      0.400689937656296
    ],
    [
      2500,
      0.4342820254079459
    ],
    [
      3000,
      0.4664859448589467
    ],
    [
      3117,
      0.4494687450228643
    ],
    [
      3500,
      0.4558670520657066
    ],
    [
      4000,
      0.47750409381961684
    ],
    [
      4500,
      0.48553819198585635
    ],
    [
      5000,
      0.4872183235273632
    ],
    [
      5500,
      0.4900467653719036
    ],
    [
      6000,
      0.49500931817073296
    ],
    [
      6234,
      0.4970050246247825
    ]
  ],
  "val_mean_accuracy": [
    [
      500,
      0.02707114634646962
    ],
    [
      1000,
      0.01881566540948276
    ],
    [
      1500,
      0.019847951303366175
    ],
    [
      2000,
      0.017710818837233168
    ],
    [
      2500,
      0.01844965491584565
    ],
    [
      3000,
      0.017972197634441706
    ],
    [
      3117,
      0.01747710129310345
    ],
    [
      3500,
      0.016692163126026272
    ],
    [
      4000,
      0.016810425005131364
    ],
    [
      4500,
      0.01624918218903941
    ],
    [
      5000,
      0.015970565219622333
    ],
    [
      5500,
      0.016255997280377667
    ],
    [
      6000,
      0.016530605372536946
    ],
    [
      6234,
      0.01624717775041051
    ]
  ],
  "val_overconfidence": [
    [
      500,
      0.2263089985015253
    ],
    [
      1000,
      0.31818332469240446
    ],
    [
      1500,
      0.3533410642804322
    ],
    [
      2000,
      0.3829791188190628
    ],
    [
      2500,
      0.41583237049210026
    ],
    [
      3000,
      0.448513747224505
    ],
    [
      3117,
      0.4319916437297609
    ],
    [
      3500,
      0.4391748889396803
    ],
    [
      4000,
      0.4606936688144855
    ],
    [
      4500,
      0.4692890097968169
    ],
    [
      5000,
      0.4712477583077409
    ],
    [
      5500,
      0.4737907680915259
    ],
    [
      6000,
      0.47847871279819604
    ],
    [
      6234,
      0.480757846874372
    ]
  ],
  "val_entropy_mean": [
    [
      500,
      5.8551344871521
    ],
    [
      1000,
      4.905661106109619
    ],
    [
      1500,
      4.454641342163086
    ],
    [
      2000,
      4.071586608886719
    ],
    [
      2500,
      3.7009437084198
    ],
    [
      3000,
      3.3560969829559326
    ],
    [
      3117,
      3.4670629501342773
    ],
    [
      3500,
      3.4169116020202637
    ],
    [
      4000,
      3.1599209308624268
    ],
    [
      4500,
      3.0806775093078613
    ],
    [
      5000,
      3.052051544189453
    ],
    [
      5500,
      3.049529790878296
    ],
    [
      6000,
      3.0029914379119873
    ],
    [
      6234,
      2.9765493869781494
    ]
  ],
  "val_entropy_std": [
    [
      500,
      2.4366986751556396
    ],
    [
      1000,
      2.8021929264068604
    ],
    [
      1500,
      2.80389666557312
    ],
    [
      2000,
      2.7225372791290283
    ],
    [
      2500,
      2.632690191268921
    ],
    [
      3000,
      2.5416297912597656
    ],
    [
      3117,
      2.526029348373413
    ],
    [
      3500,
      2.5254898071289062
    ],
    [
      4000,
      2.4101550579071045
    ],
    [
      4500,
      2.368102550506592
    ],
    [
      5000,
      2.3737294673919678
    ],
    [
      5500,
      2.3918745517730713
    ],
    [
      6000,
      2.372338056564331
    ],
    [
      6234,
      2.3607747554779053
    ]
  ],
  "val_entropy_min": [
    [
      500,
      0.12573207914829254
    ],
    [
      1000,
      0.00580106396228075
    ],
    [
      1500,
      0.0005075481021776795
    ],
    [
      2000,
      6.083413609303534e-05
    ],
    [
      2500,
      1.9326322217239067e-05
    ],
    [
      3000,
      5.9247172430332284e-06
    ],
    [
      3117,
      5.892591161682503e-06
    ],
    [
      3500,
      3.5576074424170656e-06
    ],
    [
      4000,
      1.6474889434903162e-06
    ],
    [
      4500,
      8.949820085035753e-07
    ],
    [
      5000,
      5.856788334313023e-07
    ],
    [
      5500,
      5.661812565449509e-07
    ],
    [
      6000,
      4.911638598059653e-07
    ],
    [
      6234,
      4.858154625253519e-07
    ]
  ],