{
  "val_val_loss": [
    [
      500,
      8.176273985378078
    ],
    [
      1000,
      9.201170385079307
    ],
    [
      1500,
      9.90837124996498
    ],
    [
      2000,
      10.579678344726563
    ],
    [
      2500,
      10.903165560863057
    ],
    [
      3000,
      11.273782326745206
    ],
    [
      3117,
      11.214758638475763
    ],
    [
      3500,
      11.492233651583312
    ],
    [
      4000,
      11.688675730345679
    ],
    [
      4500,
      11.875667790897557
    ],
    [
      5000,
      11.942940052220079
    ],
    [
      5500,
      12.014727160969718
    ],
    [
      6000,
      12.034620025509694
    ],
    [
      6234,
      12.080897947217597
    ]
  ],
  "val_perplexity": [
    [
      500,
      3555.5817989677257
    ],
    [
      1000,
      9908.719292117317
    ],
    [
      1500,
      20097.912842319387
    ],
    [
      2000,
      39327.46248275892
    ],
    [
      2500,
      54348.134104879515
    ],
    [
      3000,
      78730.2181270179
    ],
    [
      3117,
      74217.75145463763
    ],
    [
      3500,
      97952.07932530087
    ],
    [
      4000,
      119214.0302761319
    ],
    [
      4500,
      143726.5465476825
    ],
    [
      5000,
      153727.99480714177
    ],
    [
      5500,
      165169.4442789682
    ],
    [
      6000,
      168488.03637460447
    ],
    [
      6234,
      176468.54906615158
    ]
  ],
  "val_ece": [
    [
      500,
      0.21225719030305515
    ],
    [
      1000,
      0.28339233245334006
    ],
    [
      1500,
      0.32042224995627555
    ],
    [
      2000,
      0.33868899308077893
    ],
    [
      2500,
      0.35388160692640164
    ],
    [
      3000,
      0.3882428435862604
    ],
    [
      3117,
      0.3774135721122662
    ],
    [
      3500,
      0.3957444688458831
    ],
    [
      4000,
      0.4118632416156611
    ],
    [
      4500,
      0.42241703074961034
    ],
    [
      5000,
      0.41828809197183514
    ],
    [
      5500,
      0.42398788441108654
    ],
    [
      6000,
      0.4263406684288942
    ],
    [
      6234,
      0.4282477156651814
    ]
  ],
  "val_brier": [
    [
      500,
      0.12843045227373845
    ],
    [
      1000,
      0.18560519789983607
    ],
    [
      1500,
      0.21954982296723927
    ],
    [
      2000,
      0.2351968966681636
    ],
    [
      2500,
      0.24831540854100223
    ],
    [
      3000,
      0.2765946868254375
    ],
    [
      3117,
      0.269857005692422
    ],
    [
      3500,
      0.28376773978007563
    ],
    [
      4000,
      0.2995219080120976
    ],
    [
      4500,
      0.3100020786829395
    ],
    [
      5000,
      0.30418501068453024
    ],
    [
      5500,
      0.30975298704577076
    ],
    [
      6000,
      0.31194027462187385
    ],
    [
      6234,
      0.31347223214949194
    ]
  ],
  "val_mean_confidence": [
    [
      500,
      0.23923893868667584
    ],
    [
      1000,
      0.30005643343856175
    ],
    [
      1500,
      0.3382268765213412
    ],
    [
      2000,
      0.3542089604966246
    ],
    [
      2500,
      0.3711578634688893
    ],
    [
      3000,
      0.4048464105248893
    ],
    [
      3117,
      0.39489107429309545
    ],
    [
      3500,
      0.4130427742132886
    ],
    [
      4000,
      0.43054180342292714
    ],
    [
      4500,
      0.44032067658294366
    ],
    [
      5000,
      0.43511054360873996
    ],
    [
      5500,
      0.4409582636188041
    ],
    [
      6000,
      0.4438362105573834
    ],
    [
      6234,
      0.44458308871526353
    ]
  ],
  "val_mean_accuracy": [
    [
      500,
      0.02698174838362069
    ],
    [
      1000,
      0.016664100985221676
    ],
    [
      1500,
      0.017804626565065682
    ],
    [
      2000,
      0.015519967415845649
    ],
    [
      2500,
      0.017276256542487683
    ],
    [
      3000,
      0.0166035669386289
    ],
    [
      3117,
      0.01747750218082923
    ],
    [
      3500,
      0.01729830536740558
    ],
    [
      4000,
      0.01867856180726601
    ],
    [
      4500,
      0.017903645833333332
    ],
    [
      5000,
      0.01682245163690476
    ],
    [
      5500,
      0.01697037920771757
    ],
    [
      6000,
      0.017495542128489326
    ],
    [
      6234,
      0.016335373050082102
    ]
  ],
  "val_overconfidence": [
    [
      500,
      0.21225719030305515
    ],
    [
      1000,
      0.28339233245334006
    ],
    [
      1500,
      0.3204222499562755
    ],
    [
      2000,
      0.33868899308077893
    ],
    [
      2500,
      0.3538816069264016
    ],
    [
      3000,
      0.3882428435862604
    ],
    [
      3117,
      0.3774135721122662
    ],
    [
      3500,
      0.39574446884588305
    ],
    [
      4000,
      0.4118632416156611
    ],
    [
      4500,
      0.42241703074961034
    ],
    [
      5000,
      0.4182880919718352
    ],
    [
      5500,
      0.42398788441108654
    ],
    [
      6000,
      0.4263406684288941
    ],
    [
      6234,
      0.42824771566518144
    ]
  ],
  "val_entropy_mean": [
    [
      500,
      6.1506452560424805
    ],
    [
      1000,
      5.267569065093994
    ],
    [
      1500,
      4.736828327178955
    ],
    [
      2000,
      4.484673023223877
    ],
    [
      2500,
      4.223235130310059
    ],
    [
      3000,
      3.894015312194824
    ],
    [
      3117,
      4.0337347984313965
    ],
    [
      3500,
      3.773918867111206
    ],
    [
      4000,
      3.6054203510284424
    ],
    [
      4500,
      3.5139825344085693
    ],
    [
      5000,
      3.529670476913452
    ],
    [
      5500,
      3.4677603244781494
    ],
    [
      6000,
      3.436032295227051
    ],
    [
      6234,
      3.431349992752075
    ]
  ],
  "val_entropy_std": [
    [
      500,
      2.4679975509643555
    ],
    [
      1000,
      2.674600839614868
    ],
    [
      1500,
      2.6537787914276123
    ],
    [
      2000,
      2.676586151123047
    ],
    [
      2500,
      2.573352813720703
    ],
    [
      3000,
      2.5425117015838623
    ],
    [
      3117,
      2.607269048690796
    ],
    [
      3500,
      2.5072860717773438
    ],
    [
      4000,
      2.4992728233337402
    ],
    [
      4500,
      2.4943602085113525
    ],
    [
      5000,
      2.4465136528015137
    ],
    [
      5500,
      2.436566114425659
    ],
    [
      6000,
      2.4260387420654297
    ],
    [
      6234,
      2.4359443187713623
    ]
  ],
  "val_entropy_min": [
    [
      500,
      0.11615224182605743
    ],
    [
      1000,
      0.005696672480553389
    ],
    [
      1500,
      0.0006100619211792946
    ],
    [
      2000,
      7.626847946085036e-05
    ],
    [
      2500,
      1.526407868368551e-05
    ],
    [
      3000,
      6.012896847096272e-06
    ],
    [
      3117,
      7.303807706193766e-06
    ],
    [
      3500,
      3.3998676371993497e-06
    ],
    [
      4000,
      8.123469115162152e-07
    ],
    [
      4500,
      7.375648465313134e-07
    ],
    [
      5000,
      4.807768618775299e-07
    ],
    [
      5500,
      3.9933777884471056e-07
    ],
    [
      6000,
      3.939636314953532e-07
    ],
    [
      6234,
      3.694274255394703e-07
    ]
  ],