{
  "val_val_loss": [
    [
      500,
      8.165382747962827
    ],
    [
      1000,
      9.389688018110931
    ],
    [
      1500,
      10.18058563294958
    ],
    [
      2000,
      10.840390849504315
    ],
    [
      2500,
      11.271652206045683
    ],
    [
      3000,
      11.584892373006852
    ],
    [
      3117,
      11.617267039564789
    ],
    [
      3500,
      11.718044165314222
    ],
    [
      4000,
      12.022067845453982
    ],
    [
      4500,
      12.140319567821065
    ],
    [
      5000,
      12.262078954352708
    ],
    [
      5500,
      12.34279896470367
    ],
    [
      6000,
      12.381578207797691
    ],
    [
      6234,
      12.44029954066042
    ]
  ],
  "val_perplexity": [
    [
      500,
      3517.0672298168292
    ],
    [
      1000,
      11964.366084392872
    ],
    [
      1500,
      26385.915235265715
    ],
    [
      2000,
      51041.32356018812
    ],
    [
      2500,
      78562.69174875534
    ],
    [
      3000,
      107461.97821969348
    ],
    [
      3117,
      110997.95309787849
    ],
    [
      3500,
      122767.07812587653
    ],
    [
      4000,
      166386.3620962022
    ],
    [
      4500,
      187272.40888195822
    ],
    [
      5000,
      211520.87119075147
    ],
    [
      5500,
      229302.86531806696
    ],
    [
      6000,
      238369.72360273576
    ],
    [
      6234,
      252786.24790379548
    ]
  ],
  "val_ece": [
    [
      500,
      0.21950990266538603
    ],
    [
      1000,
      0.3105539943302878
    ],
    [
      1500,
      0.3445884602119591
    ],
    [
      2000,
      0.3755562219405173
    ],
    [
      2500,
      0.41371100721802295
    ],
    [
      3000,
      0.4380993229863972
    ],
    [
      3117,
      0.432607130212441
    ],
    [
      3500,
      0.43218915633267085
    ],
    [
      4000,
      0.4586304862479399
    ],
    [
      4500,
      0.460241485031505
    ],
    [
      5000,
      0.4590260814567947
    ],
    [
      5500,
      0.4686320136086528
    ],
    [
      6000,
      0.47387883821142995
    ],
    [
      6234,
      0.47415498062768147
    ]
  ],
  "val_brier": [
    [
      500,
      0.13162100185848524
    ],
    [
      1000,
      0.2131852082771287
    ],
    [
      1500,
      0.24093323167752123
    ],
    [
      2000,
      0.26864807656906325
    ],
    [
      2500,
      0.3013538887169916
    ],
    [
      3000,
      0.32263206727568017
    ],
    [
      3117,
      0.31735034134683004
    ],
    [
      3500,
      0.3153858872273797
    ],
    [
      4000,
      0.34126425936988913
    ],
    [
      4500,
      0.33988259998152776
    ],
    [
      5000,
      0.33886221096347496
    ],
    [
      5500,
      0.34904900195001454
    ],
    [
      6000,
      0.3527658471961291
    ],
    [
      6234,
      0.35289974995034235
    ]
  ],
  "val_mean_confidence": [
    [
      500,
      0.24616292311386712
    ],
    [
      1000,
      0.32902890517285754
    ],
    [
      1500,
      0.3604443715420084
    ],
    [
      2000,
      0.39121609917266015
    ],
    [
      2500,
      0.43097283180238255
    ],
    [
      3000,
      0.455014780575683
    ],
    [
      3117,
      0.4485817043093212
    ],
    [
      3500,
      0.4479288102222439
    ],
    [
      4000,
      0.47511659308291526
    ],
    [
      4500,
      0.4768125800643458
    ],
    [
      5000,
      0.47547811283507874
    ],
    [
      5500,
      0.4859788263908777
    ],
    [
      6000,
      0.4903938089626615
    ],
    [
      6234,
      0.49027868495855176
    ]
  ],
  "val_mean_accuracy": [
    [
      500,
      0.026653020448481116
    ],
    [
      1000,
      0.018474910842569785
    ],
    [
      1500,
      0.015855911330049263
    ],
    [
      2000,
      0.015659877232142856
    ],
    [
      2500,
      0.017261824584359604
    ],
    [
      3000,
      0.016915457589285716
    ],
    [
      3117,
      0.01597457409688013
    ],
    [
      3500,
      0.01573965388957307
    ],
    [
      4000,
      0.01648610683497537
    ],
    [
      4500,
      0.016571095032840724
    ],
    [
      5000,
      0.016452031378284073
    ],
    [
      5500,
      0.017346812782224958
    ],
    [
      6000,
      0.01651497075123153
    ],
    [
      6234,
      0.016123704330870278
    ]
  ],
  "val_overconfidence": [
    [
      500,
      0.219509902665386
    ],
    [
      1000,
      0.31055399433028774
    ],
    [
      1500,
      0.34458846021195916
    ],
    [
      2000,
      0.3755562219405173
    ],
    [
      2500,
      0.41371100721802295
    ],
    [
      3000,
      0.4380993229863973
    ],
    [
      3117,
      0.43260713021244107
    ],
    [
      3500,
      0.43218915633267085
    ],
    [
      4000,
      0.4586304862479399
    ],
    [
      4500,
      0.4602414850315051
    ],
    [
      5000,
      0.4590260814567947
    ],
    [
      5500,
      0.46863201360865275
    ],
    [
      6000,
      0.47387883821142995
    ],
    [
      6234,
      0.47415498062768147
    ]
  ],
  "val_entropy_mean": [
    [
      500,
      5.969913005828857
    ],
    [
      1000,
      5.0064697265625
    ],
    [
      1500,
      4.493036270141602
    ],
    [
      2000,
      4.111933708190918
    ],
    [
      2500,
      3.683912515640259
    ],
    [
      3000,
      3.43324613571167
    ],
    [
      3117,
      3.4631595611572266
    ],
    [
      3500,
      3.420570135116577
    ],
    [
      4000,
      3.1609761714935303
    ],
    [
      4500,
      3.122607707977295
    ],
    [
      5000,
      3.1321427822113037
    ],
    [
      5500,
      3.0299408435821533
    ],
    [
      6000,
      2.9893150329589844
    ],
    [
      6234,
      2.9840681552886963
    ]
  ],
  "val_entropy_std": [
    [
      500,
      2.469789743423462
    ],
    [
      1000,
      2.833630323410034
    ],
    [
      1500,
      2.757638692855835
    ],
    [
      2000,
      2.683544635772705
    ],
    [
      2500,
      2.5744171142578125
    ],
    [
      3000,
      2.498357057571411
    ],
    [
      3117,
      2.49282169342041
    ],
    [
      3500,
      2.428976535797119
    ],
    [
      4000,
      2.3711724281311035
    ],
    [
      4500,
      2.307084083557129
    ],
    [
      5000,
      2.315528631210327
    ],
    [
      5500,
      2.2907376289367676
    ],
    [
      6000,
      2.2748665809631348
    ],
    [
      6234,
      2.270474910736084
    ]
  ],
  "val_entropy_min": [
    [
      500,
      0.1160246729850769
    ],
    [
      1000,
      0.004945589229464531
    ],
    [
      1500,
      0.000475633074529469
    ],
    [
      2000,
      5.867665822734125e-05
    ],
    [
      2500,
      1.3758042769040912e-05
    ],
    [
      3000,
      2.8722781735268654e-06
    ],
    [
      3117,
      2.2805343178333715e-06
    ],
    [
      3500,
      1.3975418369227555e-06
    ],
    [
      4000,
      8.425066084782884e-07
    ],
    [
      4500,
      5.108126970299054e-07
    ],
    [
      5000,
      3.5695313727046596e-07
    ],
    [
      5500,
      3.0129814376778086e-07
    ],
    [
      6000,
      2.3601282350682595e-07
    ],
    [
      6234,
      2.101457852177191e-07
    ]
  ],